observation_date,ticker,base_model_id,anchor_probability,target_outperform,market_return_1d,benchmark_relative_return_1d,return_z_20,relative_return_z_20,volume_z_20,intraday_range_pct,sec_filing_freshness,sec_is_8k_6k,sec_is_10q,sec_is_10k_family,yield_curve_change,hy_spread_change,macro_freshness
2016-01-04,SIM,efd41fec7d9d24fd,0.49679541860761045,0,-1.0393622769638646,-1.0466126134584515,-0.22364484919641914,0.3228666987128985,0.6971523762420445,-0.6980163554624308,0.18352416513776088,0.0,0.0,0.0,0.13340850013426375,0.2672351979698298,0.612788083950275
2016-01-06,SIM,efd41fec7d9d24fd,0.5071763575842277,1,0.36185980023358333,0.7942616001041161,0.6842531415448172,-0.039782795080951144,0.7716705113356944,0.5518129533732297,0.12066871638837968,0.0,0.0,0.0,-0.22624698967189583,-0.1588704490003254,0.683636049942624
2016-01-08,SIM,efd41fec7d9d24fd,0.5176515927521196,0,0.9139155066820496,0.21857697510217078,-0.36983666366572293,0.0402611687592434,0.032706121501223276,-0.6306474004917231,0.19031695101296792,0.0,0.0,0.0,1.0249143816184727,0.01827485857386942,0.6430698155398384
2016-01-10,SIM,efd41fec7d9d24fd,0.5098091687387118,1,0.14130174609488563,1.3185377390029884,-0.22977396582774423,0.8027120375721917,0.4879593777792421,-0.8683744949727931,0.0867168677639312,0.0,0.0,0.0,-0.05345236078545768,0.34672011298363525,0.6775555548306577
2016-01-12,SIM,efd41fec7d9d24fd,0.5194777477807466,1,0.3970768738980711,-0.027491993702566025,0.3537689590048498,0.2908049584110746,0.19540384813745187,1.6019276997139038,0.021965664500413085,0.0,0.0,0.0,0.036957190715478525,0.22969054781684958,0.6599374149054957
2016-01-14,SIM,efd41fec7d9d24fd,0.5301575526911153,0,0.9640617798575982,-0.7463052859464387,-0.0345036641086813,-1.2418590951552158,-0.3101976734947237,0.3768101125831862,0.07177828202587902,0.0,0.0,0.0,0.314444888330986,-0.47830470959204896,0.598398126159623
2016-01-16,SIM,efd41fec7d9d24fd,0.5185531885459274,1,0.44611526478029295,-0.10157332811001692,0.3907527636795457,0.8068602464766534,-0.5065742067757768,0.7405258637990657,0.0321358342448548,0.0,0.0,0.0,0.14615050576933533,-0.11515155875960996,0.40431052175706583
2016-01-18,SIM,efd41fec7d9d24fd,0.4605248149546398,1,0.6493664229407841,-1.1880056633949472,0.3561258252909203,-0.09353983807281988,1.205291275938556,0.31832270831569104,0.651226968359883,0.0,0.0,0.651226968359883,0.183305692031715,-0.7540043559595654,0.9722875803189859
2016-01-20,SIM,efd41fec7d9d24fd,0.46897589009489904,1,0.025968810329813463,-1.0608871048873416,-0.6756735536726113,0.18866790879998396,-0.38465171709010976,-0.12056728684179438,0.16954720751879085,0.0,0.0,0.0,0.15101133882143167,0.476497878792012,0.6771805606561887
2016-01-22,SIM,efd41fec7d9d24fd,0.4633999569452532,0,-0.5867304139085658,-0.9173437315413353,0.21514885772903758,-0.2665595179322389,-0.37149349071339377,-0.2891016626028758,0.15144472536288428,0.0,0.0,0.0,0.8769192032903883,0.06254889383035568,0.4819601759004428
2016-01-24,SIM,efd41fec7d9d24fd,0.45829836575288785,1,-0.0476152435307895,0.09013799393501362,-0.4320228624176659,-1.293813980439557,-0.6357089177525709,-0.4415718121072712,0.163654091981393,0.0,0.0,0.0,0.3605255541524697,-0.11909037384089602,0.8902389756019732
2016-01-26,SIM,efd41fec7d9d24fd,0.46434242867533193,0,0.24373193860313408,-0.03505668255210054,0.274448229481563,-0.9376248399608406,-0.3737639006250267,-0.3832467636096207,0.061561999253269356,0.0,0.0,0.0,-0.0777355195792903,0.005255490206413139,0.4682432259661121
2016-01-28,SIM,efd41fec7d9d24fd,0.4730251684212918,1,0.053085480583221656,0.3720633635377605,-0.5581973760399895,-0.3585326579649801,0.904286467620601,-0.16479392234127788,0.13173544536319767,0.0,0.0,0.0,0.09385095917711175,-0.6188734203390334,0.5172123356011303
2016-01-30,SIM,efd41fec7d9d24fd,0.4705617976099964,0,-0.35846978332768437,0.22691395049313667,-0.5166937043281634,-0.9870223378472409,-0.8783748028225522,0.3864405454700842,0.639069784434672,0.0,0.0,0.639069784434672,-0.1531818860708121,0.3856175635170843,0.8135579940519496
2016-02-01,SIM,efd41fec7d9d24fd,0.458813245413785,0,-0.37322430613993823,0.5546438355138567,-0.6708585108490416,0.9353657315582907,-0.520016242793823,0.4106257168956541,0.05471387012074039,0.0,0.0,0.0,-1.365920939358931,-0.5371655539082535,0.8343476612065976
2016-02-03,SIM,efd41fec7d9d24fd,0.47828017279984186,0,-0.050189103241945254,-0.127791615174209,0.0032659865151277345,0.945228533674333,-0.3787418188625018,-0.1253732411583689,0.1960339885397845,0.0,0.0,0.0,-1.0366262319003514,0.860414624237136,0.9129675189255355
2016-02-05,SIM,efd41fec7d9d24fd,0.47259327197394885,0,-1.5883668525217998,-0.027205456875397105,0.46608257219145766,0.3762588187156967,-1.0974520464721542,-0.6666785870476494,0.07813067352047776,0.0,0.0,0.0,-0.4174679877270196,0.017243751637382534,0.8146021087432741
2016-02-07,SIM,efd41fec7d9d24fd,0.5004965442151305,1,-0.8677075628837507,0.24879513888185942,0.35568561951704486,0.010274723026942163,-0.18156554731414523,0.8897903669810828,0.15191032711785266,0.0,0.0,0.0,0.17908709245210525,-0.43065335513456215,0.9414788721476663
2016-02-09,SIM,efd41fec7d9d24fd,0.4629825832217597,0,-0.6558035594487552,-0.9330682025311654,0.21315992848527124,0.5269108906951501,-0.90155263589709,-0.10084949446910695,0.17248873199883774,0.0,0.0,0.0,-0.7525418925958828,0.05668440160204013,0.8190270390218279
2016-02-11,SIM,efd41fec7d9d24fd,0.5511904832554775,0,-0.19133752167640955,-0.08313907735314212,-0.5998080672526989,0.1651124289944944,-0.6137201069897108,0.10679785867988864,0.009390746730777267,0.0,0.0,0.0,0.6121763818355183,0.52619227132534,0.4938040861877755
2016-02-13,SIM,efd41fec7d9d24fd,0.5520949584494679,1,0.5861186041367751,1.3666733866642882,0.4834976823517447,0.20537377195393067,0.30862511744232407,-0.9671627151199321,0.16192368606367352,0.0,0.0,0.0,0.23064917000114687,-1.1388790964129798,0.41173309440209416
2016-02-15,SIM,efd41fec7d9d24fd,0.5037955281519707,0,0.3645857952682487,-0.21025089589299395,0.2221634553756336,0.5135906129643643,0.2023222125875438,-0.08890786016914351,0.14821146169109056,0.0,0.0,0.0,0.5919377435720385,0.399229307538929,0.7059135936709007
2016-02-17,SIM,efd41fec7d9d24fd,0.5045257793541228,1,-0.17953205663450286,-0.16160309665310524,0.8768453519277724,-0.03580899943263642,0.16617690949080985,0.5162729369776496,0.1436375697361224,0.0,0.0,0.0,0.787068693657972,0.4123895572709394,0.9481506566355644
2016-02-19,SIM,efd41fec7d9d24fd,0.5261675102242745,1,-0.8818909129200612,0.16336612735207706,0.2740382827081588,0.337330539726446,0.7398848004514701,0.2128980455770216,0.08672121559432056,0.0,0.0,0.0,0.9700887712413679,-0.5277663455303775,0.9256121246907485
2016-02-21,SIM,efd41fec7d9d24fd,0.534969334024947,0,0.1496607979647106,0.14288154418296908,-0.041355218784738294,0.3042356942154617,-0.6010907006195487,0.013675935549383175,0.1820586019012179,0.0,0.0,0.0,0.7124601301675086,-0.7635550792002693,0.9604034608753378
2016-02-23,SIM,efd41fec7d9d24fd,0.5014872314794834,1,-0.12249682479793012,-0.2549629994520701,0.7712492429333669,-0.5335408116033237,0.305266583316619,0.39414004843247674,0.17745401900137348,0.0,0.0,0.0,-0.18437461985612397,-1.317727811057631,0.8715879289405353
2016-02-25,SIM,efd41fec7d9d24fd,0.4837303066072735,1,0.2347724214054275,-0.19427487073709285,-0.9757439670677759,0.7147234580505192,-0.18560379443949904,-1.247093053445127,0.08357884967210048,0.0,0.0,0.0,0.40348637381547453,-0.3486137053255165,0.5946105614807209
2016-02-27,SIM,efd41fec7d9d24fd,0.5252661791383162,1,0.7969694389154235,0.010526626541201053,0.27128975987554105,0.14629909969072916,0.3233056333649235,-0.056746260720756364,0.05506198522744626,0.0,0.0,0.0,-0.8322310864064022,0.17506364521446857,0.8554770390557404
2016-02-29,SIM,efd41fec7d9d24fd,0.5004040026045646,0,-0.08511984825846908,-0.19565177687049262,0.20370043791159057,0.686572745192426,0.8224470220540492,-0.6038241022295383,0.14054571485190734,0.0,0.0,0.0,0.18186514646511875,-0.6673150183066159,0.8162663508032271
2016-03-02,SIM,efd41fec7d9d24fd,0.47152633896880813,0,0.8501301138053485,-0.40985981948038447,-0.5291158762736854,-0.5830660089023663,-0.5939002279100335,-0.23790694756073924,0.15665014753146,0.0,0.0,0.0,0.609993474614333,0.21195453814751963,0.5096421987035752
2016-03-04,SIM,efd41fec7d9d24fd,0.5592212312748719,1,-0.20369918553462013,0.0017757965530312558,-0.4396544998171534,-1.5730292029904005,-1.1208685315969535,-0.16453504421316148,0.13601449277798236,0.0,0.0,0.0,0.062054945924139175,-0.36498591253222423,0.6158483897214573
2016-03-06,SIM,efd41fec7d9d24fd,0.5068533659966897,0,0.5511188469104703,-0.026161966829147627,0.21609224634296634,-0.012150323099147186,0.6749473256839221,-0.29198811046555306,0.11265149409439792,0.0,0.0,0.0,-0.20649193947766,0.6655497645822409,0.42942704691210787
2016-03-08,SIM,efd41fec7d9d24fd,0.4953225029392228,0,-0.1530995566493406,0.2320290975375224,-0.21816244190442696,-0.22217342046817318,0.45095933905415925,-0.9669222117042333,0.05436405431090521,0.0,0.0,0.0,-0.48344760692528577,0.8944560334879871,0.7195144565817506
2016-03-10,SIM,efd41fec7d9d24fd,0.4666071769561693,1,-1.3369589963236652,0.09876929252377689,-0.2972138418792134,0.020904359845532655,0.3670139865020005,-0.28481475178358684,0.09056794929094698,0.0,0.0,0.0,0.3861684865600765,-0.24886142184451052,0.4905616232541829
2016-03-12,SIM,efd41fec7d9d24fd,0.5207262858996613,1,-0.46908464640984443,-0.2682698349443387,-0.7137115168385095,0.306680421847692,-0.21281658512243146,-0.4758679103321505,0.6384790589582459,0.0,0.6384790589582459,0.0,0.47354560828868425,0.5839753461302899,0.5925902866114513
2016-03-14,SIM,efd41fec7d9d24fd,0.5151921365153657,1,-0.15504079080096103,-0.3802615055939898,0.050161206101365756,0.6316523675899409,0.2928709301489575,0.2109105197440172,0.19235603866359183,0.0,0.0,0.0,1.0150362705766522,-0.9796615807034467,0.5386324979189911
2016-03-16,SIM,efd41fec7d9d24fd,0.4975570410349328,1,0.05131485651618356,-0.24146266826666643,-0.23032290488189724,-0.37866024089658673,0.8508198277519311,-0.24635833495161083,0.06284633018212256,0.0,0.0,0.0,-0.8754682376859663,-0.6070305849742744,0.9389568948377216
2016-03-18,SIM,efd41fec7d9d24fd,0.5028370479002906,0,0.6782371308242674,-0.988903378214166,0.5631981525616853,-0.29003959778555966,0.2028569916995291,-0.7476640987071766,0.06596435746028077,0.0,0.0,0.0,-0.8320060152557308,0.34697094962175296,0.5718887092640332
2016-03-20,SIM,efd41fec7d9d24fd,0.5215722701621331,0,0.6811502281006927,0.20006650653245528,0.40193698442211573,-0.1385879900615823,-0.3970429422522791,-0.06416649560978901,0.09518143391769307,0.0,0.0,0.0,-0.45555883364282823,0.5772080192584121,0.6047787611199797
2016-03-22,SIM,efd41fec7d9d24fd,0.5119294681245803,1,0.9100789712641015,0.42985893133747244,-0.08810785605884694,0.23932352310975769,-0.36738346055804727,0.5047796184303607,0.04349711557740657,0.0,0.0,0.0,-0.18832283356363083,0.23578706574709757,0.9761012247220535
2016-03-24,SIM,efd41fec7d9d24fd,0.5286257092479736,0,-0.8488854186864396,-0.09624412681655292,-0.10072578175412093,0.3829786177970227,0.38834682736012005,-0.12986362838909177,0.1257518991874036,0.0,0.0,0.0,-0.0934723725418244,0.4261166835579453,0.9097705805007391
2016-03-26,SIM,efd41fec7d9d24fd,0.49947011801774815,0,-1.2247749415468954,0.02319474270531144,0.4639786392215674,-0.09846395808066243,0.1238765401007894,0.4757504490771221,0.07882441916918054,0.0,0.0,0.0,0.1827007713600388,0.14767347159313418,0.928876142611828
2016-03-28,SIM,efd41fec7d9d24fd,0.4996483652146505,0,0.6012384688063008,-1.5077996547391044,-0.6853410173401867,-0.037803111030152645,-0.46041716309735276,0.4258677727718751,0.0139536999148427,0.0,0.0,0.0,-0.07903136822015328,0.07327716389349459,0.5615050485024784
2016-03-30,SIM,efd41fec7d9d24fd,0.45283959421264675,1,0.3785602850586678,-0.5227865608121163,-0.5408413318565842,-0.27707042714669866,0.1850007025971992,-0.34572691881423795,0.048792247841494656,0.0,0.0,0.0,0.44106056333792903,-0.11680846100818548,0.9498931984868395
2016-04-01,SIM,efd41fec7d9d24fd,0.4835939157860707,0,-0.7872816482214643,-0.5944413782973635,0.10708822997022334,0.05263693376303344,-0.07403102566250477,0.6735676214202954,0.11238334563343039,0.0,0.0,0.0,0.9690894597524257,0.4054170199695108,0.7936770100965795
2016-04-03,SIM,efd41fec7d9d24fd,0.47919640883055703,1,-0.6200934435472624,-0.09185882437352619,-0.655134195244824,-0.3584613442827949,-0.6779960429310887,0.35520149836481274,0.07050505002714265,0.0,0.0,0.0,-0.9942904381290962,-0.10415001754471562,0.8840837511820452
2016-04-05,SIM,efd41fec7d9d24fd,0.4993159880344982,0,-0.3100051073669431,-0.5909462785227362,0.5743254260646709,0.7708376534309883,1.4219019411359255,0.012245933026102745,0.10183855424753233,0.0,0.0,0.0,0.3619276614270914,0.7559707423435156,0.945085573342564
2016-04-07,SIM,efd41fec7d9d24fd,0.5022961922185281,0,-0.12456075624734408,0.10897359564622226,0.38621497264195276,-0.6094617909890447,-0.09975692297556836,0.6233498360944519,0.07554557151450669,0.0,0.0,0.0,-1.412700435669952,-0.2636742179580815,0.4947141786778118
2016-04-09,SIM,efd41fec7d9d24fd,0.5148621628306931,0,-0.9232613203180059,-0.43868427076338457,0.6339275137241365,0.45718209787383424,-0.015648207189248736,1.05329465107491,0.15834321307177515,0.0,0.0,0.0,-0.3416330378350156,-0.43648470997261396,0.9369021666384243
2016-04-11,SIM,efd41fec7d9d24fd,0.5646462244794473,1,0.7102653168259692,-0.223315025183199,-0.2654377682127566,-0.03638283882752945,-0.2529222514206839,-0.6703974245083375,0.13701711694209887,0.0,0.0,0.0,-0.0525841138025333,1.1200220963294156,0.8054696293566629
2016-04-13,SIM,efd41fec7d9d24fd,0.5899278815116313,1,0.2562158255379329,0.4544481636610662,-0.9666377497972558,-1.1944666017774404,0.1257947833932871,-0.36199800266754273,0.6240435002191468,0.0,0.6240435002191468,0.0,-0.2529157651026424,0.3635861944098201,0.9804440251988431
2016-04-15,SIM,efd41fec7d9d24fd,0.5841915144707986,1,1.1840229550898715,0.8027248508768138,0.05733950000057983,-0.5178905129598586,0.05245361580972776,0.4916997280362313,0.011856081956204424,0.0,0.0,0.0,-0.361385322629343,-0.9439136018880948,0.8310398676673969
2016-04-17,SIM,efd41fec7d9d24fd,0.5868011791929878,1,0.13529859321223248,-0.1256926426089111,0.7521108891906484,-1.0794313444877466,-0.03732450138665326,0.21638870401818563,0.10493361226004017,0.0,0.0,0.0,-0.006989483727511379,0.40019891608634267,0.7621721610800939
2016-04-19,SIM,efd41fec7d9d24fd,0.5299057308380032,1,0.26608160610747,0.07332970334583616,-0.04290901929861121,-0.023448580728134598,-0.9917620433240993,0.21744974464028607,0.1871042977608096,0.0,0.0,0.0,0.2867013959274927,0.3527735454141165,0.993856685107626
2016-04-21,SIM,efd41fec7d9d24fd,0.6289146880381725,1,1.4134148029185096,-0.15977403054796857,0.13926427635582966,-0.15396970664568801,-0.7380074846903608,0.4490632480587113,0.04595609763283506,0.0,0.0,0.0,-0.2683088873291734,1.2492967216704307,0.7792520285555922
2016-04-23,SIM,efd41fec7d9d24fd,0.6022974599580648,1,0.5523219493317656,-0.21286383950493853,1.1103994568626565,-1.4267742913887937,-0.25130598693335787,-0.3424548992618679,0.1409098247889266,0.0,0.0,0.0,-0.084208216710765,-0.6911225532806933,0.6732585038868331
2016-04-25,SIM,efd41fec7d9d24fd,0.5682053288336738,1,1.3250836735339406,0.4195097404556093,0.6594613210308227,-0.0929302099859815,1.0253750782440223,-0.18044595996652296,0.1283917573487888,0.0,0.0,0.0,-0.06059157806818262,-0.029953125092367083,0.8813484797113744
2016-04-27,SIM,efd41fec7d9d24fd,0.532245088564458,0,-0.2283054006095585,0.10335826891236341,0.8628852354672167,0.6347622880683231,-0.014878787894999097,-0.9871644612449875,0.06268810179476601,0.0,0.0,0.0,-0.6536249161750874,0.4958590475015638,0.6995301195046426
2016-04-29,SIM,efd41fec7d9d24fd,0.5189431674772866,0,-0.39475144215613533,-0.39549761556346874,0.33656429569276664,0.37555235110058877,-0.09315121745761605,-0.2171681967220218,0.8025093207630183,0.8025093207630183,0.0,0.0,-1.3573016752507672,-0.03638412445373235,0.6334331140391977
2016-05-01,SIM,efd41fec7d9d24fd,0.5060294181768665,0,-1.1193363210076346,-0.7526022228761875,0.15651734497191158,-0.09697200868033401,1.4510412627401144,0.19059623476522883,0.0688945592201357,0.0,0.0,0.0,-0.09220726721622113,0.2138645142238147,0.9455598485007654
2016-05-03,SIM,efd41fec7d9d24fd,0.5421237407952043,1,-1.2105729299948387,-0.2827396751793587,0.13660063646335963,-0.006063758596171821,0.2425568622218959,0.49109201692928106,0.03690844032053588,0.0,0.0,0.0,-0.7310393319401955,-0.7436136352117056,0.979603136501673
2016-05-05,SIM,efd41fec7d9d24fd,0.5267250822140226,0,-0.10680303169343187,-0.19454023836505407,0.3743951021690363,-0.15225823817437575,0.8925715975447897,0.26265521666212804,0.05449250462495432,0.0,0.0,0.0,-0.44359142456714756,-0.044735651961458275,0.515525227140595
2016-05-07,SIM,efd41fec7d9d24fd,0.5316357302925595,0,-0.22067491647344717,0.22651846737711542,0.5562212232272432,0.17720211235400288,-0.3898551190324102,-0.36735861050516694,0.14777601681200228,0.0,0.0,0.0,0.9200208397465488,0.7967873883936836,0.852789572640494
2016-05-09,SIM,efd41fec7d9d24fd,0.5088158141332954,0,-0.2603672184176344,-0.4939351222925264,-0.49449049143880297,0.1499153271141901,-0.31332530201356984,-0.22135349006502814,0.7525252063728955,0.7525252063728955,0.0,0.0,-0.7497941990992438,0.3536802216722598,0.4127348259083722
2016-05-11,SIM,efd41fec7d9d24fd,0.5096980235684087,1,-0.5413379131917393,-0.43274931110150405,0.3637902608889956,0.0488410270770356,0.49699563419474535,-0.11685749415657952,0.03514464457902753,0.0,0.0,0.0,-0.7470613429156738,0.9212288978359559,0.858151931965283
2016-05-13,SIM,efd41fec7d9d24fd,0.48644276186357327,0,-0.06999590161502978,-0.9162114993244046,0.527787268346104,0.15013840120462002,-0.3036983011486777,-0.5692526705134585,0.030442650828675144,0.0,0.0,0.0,-1.102993864545275,0.09214386391031511,0.7709652667920492
2016-05-15,SIM,efd41fec7d9d24fd,0.5415843812635411,0,-0.10131842352436717,0.26618363248598365,0.7682253361549671,0.10575645154557252,1.328474454966226,0.0335316518873831,0.05844895696405814,0.0,0.0,0.0,-0.08852792254969706,0.3754386969035476,0.6770132168154532
2016-05-17,SIM,efd41fec7d9d24fd,0.49747369260482593,0,0.07248452368686259,-0.4750974648575382,-0.8747209392321379,-0.5043612575190195,-0.8158765444217686,-0.835745007089964,0.07490848652834992,0.0,0.0,0.0,0.3210382813186825,-0.25784313972801515,0.5481198970011879
2016-05-19,SIM,efd41fec7d9d24fd,0.5197668090815948,0,-0.06021478801512368,-0.6290861096660554,-0.01574311958090924,-0.31414014113003474,0.810754970303175,0.2800386338996896,0.14692050145502683,0.0,0.0,0.0,0.762836790342618,-0.36266477521850654,0.5831239820307121
2016-05-21,SIM,efd41fec7d9d24fd,0.5264361083817419,1,0.04940778889777801,-1.02017482326864,0.6049363385228818,0.553103288215025,-1.097468919867745,0.24995754213509813,0.10582872735855194,0.0,0.0,0.0,-0.015677716203874297,-0.907131429151177,0.7488652772622335
2016-05-23,SIM,efd41fec7d9d24fd,0.5390431568448406,1,0.5858068000107031,-0.9589206996326103,-0.2927161674740468,0.5353446677141589,0.18183638615891276,0.13076851424441177,0.07369424656971527,0.0,0.0,0.0,1.1317476968918092,0.4095661325062885,0.41968778404145624
2016-05-25,SIM,efd41fec7d9d24fd,0.5665165233499422,1,-0.36586810125747854,-0.2915352087050921,0.18299847061832492,0.7840434511213819,-0.6639927017284539,-0.3463071101076144,0.024255038047162183,0.0,0.0,0.0,-0.13855477204812258,-0.3327557620702565,0.68155437899259
2016-05-27,SIM,efd41fec7d9d24fd,0.5034410147932695,0,-0.2502454289374212,-0.0055298643600173725,-0.04420976897708679,-0.35022656914442074,-0.05008603743474272,0.14143763839487844,0.9738771395638092,0.0,0.0,0.9738771395638092,-0.4262600399262908,-0.0640159615663594,0.6876533686504526
2016-05-29,SIM,efd41fec7d9d24fd,0.5230365233922752,1,0.1852915365281359,-0.22770818275384924,-0.26530040364682667,0.2219263731715848,0.15090533099827336,-0.3459262484343468,0.07660845441159506,0.0,0.0,0.0,0.022638404620262797,1.3045439304161328,0.6960881434204327
2016-05-31,SIM,efd41fec7d9d24fd,0.49625682793035286,1,-0.6583970836733276,-0.8918319095961929,0.4052063339372101,0.4790546802877009,0.03564583929302526,-0.2471348832040443,0.18135098193958454,0.0,0.0,0.0,0.04762895114532887,-0.38062813409832746,0.7318519974596527
2016-06-02,SIM,efd41fec7d9d24fd,0.4661562210545086,0,-0.455429665309805,-1.128381428455926,-0.02466687371652529,0.33708853010286505,0.20559369946464498,0.053805122175398346,0.11553673248456815,0.0,0.0,0.0,-0.1358952366107863,0.02734558842955264,0.6651785679169224
2016-06-04,SIM,efd41fec7d9d24fd,0.48137859353748197,1,-1.500902501035573,0.7217956104260258,0.4445668599385658,0.5871151321458064,0.03826569200951989,1.536503427155191,0.14199816431463205,0.0,0.0,0.0,0.5983337721083146,0.1632101456663431,0.8022687402268738
2016-06-06,SIM,efd41fec7d9d24fd,0.49832141319718154,1,-0.7214264995487972,0.16562743460150436,0.3232432283057077,-0.25232224241685236,0.561738128869807,-0.0599837488283959,0.08555246342202401,0.0,0.0,0.0,0.49370754319662286,-0.27410606616010497,0.5974010290532955
2016-06-08,SIM,efd41fec7d9d24fd,0.4386664163958516,0,-0.4678958825429001,-0.4401288796414652,-0.3822878284352037,-0.24250501937583388,-0.018122831380120805,0.832537565098163,0.11312766686253228,0.0,0.0,0.0,1.5908895206348783,0.5533767561060449,0.5070537218908625
2016-06-10,SIM,efd41fec7d9d24fd,0.46198671269756425,0,-0.7016269568557364,-0.38060878434182854,0.06827613714462738,-0.7183127409175437,-0.4699576774250355,0.46370757723175476,0.08494409919867806,0.0,0.0,0.0,-0.24491933233058175,-0.5784012971273824,0.46877020951879156
2016-06-12,SIM,efd41fec7d9d24fd,0.48885261668969476,1,0.08738614429667263,-0.12887951190840624,0.03806728005404477,0.4073157426870784,-0.71950201696078,-0.7046390125602802,0.14138450508949982,0.0,0.0,0.0,-0.24092125127422434,-0.1352200691461917,0.4170934726991069
2016-06-14,SIM,efd41fec7d9d24fd,0.5697894366878283,0,0.45592091356351916,-0.3786271811610676,0.5166327249836319,-0.9501676420764316,-0.12493617661451926,0.6489817138089029,0.07244527580492828,0.0,0.0,0.0,0.399201397324658,0.2947649039658093,0.794130099705926
2016-06-16,SIM,efd41fec7d9d24fd,0.5108867102894477,0,0.2878670723354031,-0.9405910123255097,-0.7088555422187489,1.2034001040576796,0.5265410112154272,-0.4518703366011431,0.10034367931779019,0.0,0.0,0.0,0.3574218759210411,1.0899728125205184,0.5178489688068859
2016-06-18,SIM,efd41fec7d9d24fd,0.5467864357738053,1,0.23461760970805112,0.4943595968144384,-0.03342372135313087,-0.3097983007168743,0.25291706823817856,-1.0233070182414878,0.06302486405212752,0.0,0.0,0.0,0.3139520714716406,0.468731140038488,0.5113754078683992
2016-06-20,SIM,efd41fec7d9d24fd,0.4752153758085974,0,0.8428375225480427,0.6081530327314525,-0.12467938936664881,-0.09034912875610057,0.7775383364919034,0.01906472248022097,0.7913937162186218,0.0,0.7913937162186218,0.0,-0.4046894442519739,-0.07911421108587881,0.9054165357231423
2016-06-22,SIM,efd41fec7d9d24fd,0.5092174060969328,1,0.21774748395830568,-0.46121884509167843,-0.8780606000729482,0.4215843371909777,-0.35376147431101995,0.9344772651729878,0.16001376404571288,0.0,0.0,0.0,-0.30453678483574365,1.0198425147749643,0.8730796685773748
2016-06-24,SIM,efd41fec7d9d24fd,0.4895996272701275,1,0.5656120936040794,-0.2652497405873937,1.1530310337709395,0.9275678535478752,0.16479110167174435,0.6754070628661606,0.04431519360344341,0.0,0.0,0.0,0.29566629078856344,-0.13898745195595472,0.9655042404965275
2016-06-26,SIM,efd41fec7d9d24fd,0.4836761195914992,1,-0.16600811867494009,-0.4535683023036166,-0.330602300870824,-0.6447556440240276,0.4720433633624051,-0.3256357379044374,0.5597419905920126,0.0,0.5597419905920126,0.0,-0.9135348688028136,0.060215510803261006,0.5604231388875642
2016-06-28,SIM,efd41fec7d9d24fd,0.47429345624756464,0,-1.2939839428717919,-0.9997520907878253,0.9886282162855653,0.267206997279166,0.13919660021740074,-0.10962100075870415,0.0817448662290759,0.0,0.0,0.0,-0.8834625842263604,-0.6280823618624376,0.6650047503114628
2016-06-30,SIM,efd41fec7d9d24fd,0.43554969799439003,1,-0.38737347669187716,-0.19745598082560412,-0.21028985767300248,0.2433195283305483,0.10089296014865219,0.25555581423425977,0.09876359830373527,0.0,0.0,0.0,0.4784666190624507,-0.03977114845688587,0.8114240098410115
2016-07-02,SIM,efd41fec7d9d24fd,0.4489629767971221,0,-1.6870533542754114,-1.0152506747017085,0.4479778074176228,0.07464818820118473,-0.4157398977531467,0.10068291026074531,0.15572605282900476,0.0,0.0,0.0,-0.3967931005749667,-0.8761054566063841,0.4074438215467676
2016-07-04,SIM,efd41fec7d9d24fd,0.42248556398335824,0,-0.9346138876348905,-0.4257206479034031,-0.15482319235757952,0.5159199619238803,0.1062077662230056,0.7091358686445498,0.42045426375858264,0.42045426375858264,0.0,0.0,0.41790680853938444,-0.17592893571450124,0.672426224585555
2016-07-06,SIM,efd41fec7d9d24fd,0.4388117111675408,0,-1.5137342281105537,-1.8728254634433017,0.6140603485021568,0.2966483344086917,-0.7705466496100466,0.15773741090876223,0.1873723599646233,0.0,0.0,0.0,0.17594741715795467,-0.3517134977238612,0.6869725538647469
2016-07-08,SIM,efd41fec7d9d24fd,0.39348387696344417,0,-1.066242665960758,-1.9319400417085797,0.47777431365995604,-0.69448614292985,-0.02621995130460451,-0.1098076731058363,0.14064009691813847,0.0,0.0,0.0,0.28863939939406924,-0.29191579335780327,0.5204419218362293
2016-07-10,SIM,efd41fec7d9d24fd,0.4497648654923096,0,-0.41764002494287933,0.4431663774706228,0.8962862507724587,0.9218499876049658,0.05348830289887376,1.6738554570533761,0.17136675923206934,0.0,0.0,0.0,0.0298927594879886,-0.3362687089898433,0.9834093317758978
2016-07-12,SIM,efd41fec7d9d24fd,0.4884789372939097,1,-0.034065635571000286,0.8324831020383121,-0.3296158209354751,0.018646907251155108,-0.6266172490556027,-0.7398139500378875,0.1532604711770051,0.0,0.0,0.0,-0.22882326603701073,-0.14416092407489886,0.6275751859621612
2016-07-14,SIM,efd41fec7d9d24fd,0.530080421253144,0,0.14861082595466366,-0.331933215480361,-0.6046613411487131,-0.05753155224081936,-0.5174176553357481,-0.5536052178157028,0.0938609072345096,0.0,0.0,0.0,0.32020657930161245,0.06322501751760168,0.5174192905686582
2016-07-16,SIM,efd41fec7d9d24fd,0.47903759512869915,0,-0.9549582631328344,0.06745581721286548,-0.6299493396397963,-0.4249620424433354,-0.09677959632490371,-0.20711574339347516,0.12408656694016039,0.0,0.0,0.0,-0.2346901741908851,0.48738523837235853,0.6744050346920745
2016-07-18,SIM,efd41fec7d9d24fd,0.5291354224275086,0,0.14483636073979736,-0.6982886214208923,0.07946113444318373,-0.7867202598885062,0.49998735836654645,-0.06634959404157925,0.15447016342348724,0.0,0.0,0.0,0.4861953656016002,-0.21285526433623028,0.45857416854076966
2016-07-20,SIM,efd41fec7d9d24fd,0.49269313508002666,0,-1.0937782605495312,-0.8187506371248536,-0.17205372600043814,0.0034413961521718,0.48740908260241045,0.29060962045690136,0.0558791061330211,0.0,0.0,0.0,-0.055023010485155725,0.1240707323288006,0.5684222021517686
2016-07-22,SIM,efd41fec7d9d24fd,0.5379355493910077,1,-1.0545397389000104,0.8041188306129766,-0.40240758907381763,0.5984558843682781,0.8823634470778361,0.22647688210996972,0.14251113883478878,0.0,0.0,0.0,1.110703002431432,-0.18082466385234303,0.48164156071489256
2016-07-24,SIM,efd41fec7d9d24fd,0.5429473178100821,0,0.05164893285184807,-0.6404729959722039,0.2953135565306933,0.0028416387768133355,0.4796401123620917,-0.34981354552002814,0.10197429354955423,0.0,0.0,0.0,-1.2285972591157397,-0.3269594562251724,0.5833165903590853
2016-07-26,SIM,efd41fec7d9d24fd,0.5310918623369095,1,0.29827332905792364,0.5259448049471437,0.399536189804668,-0.9685720825532322,-0.5005120416872029,-0.483177667192419,0.05904440478652713,0.0,0.0,0.0,-0.5455164214711619,0.6418707762536718,0.6181441597596566
2016-07-28,SIM,efd41fec7d9d24fd,0.5054490964671736,0,0.07658817685352487,-0.6099283247165943,-0.7759125727721337,-1.0409990353148977,1.284236515865416,0.37658679769207337,0.05940007456878445,0.0,0.0,0.0,-0.7457127487712125,-0.18160345922444382,0.5696583927148426
2016-07-30,SIM,efd41fec7d9d24fd,0.49460552963636384,0,-0.8628692351879164,-0.35136810454562567,0.6722368837982153,-0.028095618753708376,-1.0307554705918378,-0.21424994859200813,0.07508582840434995,0.0,0.0,0.0,0.4922477223821202,-0.18670608060032373,0.507229261617394
2016-08-01,SIM,efd41fec7d9d24fd,0.4534733518010589,0,-0.31836504416399597,0.12414580610634435,-0.02720935127706971,0.34395340175096656,-0.321681021948558,0.08712402995816762,0.16964071610019596,0.0,0.0,0.0,-0.7165828597823342,0.5964893496801844,0.44409261509540743
2016-08-03,SIM,efd41fec7d9d24fd,0.5079399517375146,0,-0.5237273438985173,-0.7975473080682174,0.10523121326076307,0.6353388887419912,0.11536923980380187,0.6202321154451378,0.08825138259490295,0.0,0.0,0.0,0.7812444813063263,-0.3855822734923011,0.6167009207289479
2016-08-05,SIM,efd41fec7d9d24fd,0.5071000185967003,0,-0.6307073887480703,0.13651821196778235,-0.48046200440819614,0.007893188607981477,-0.17009057429684302,-0.1998968557868423,0.023409667085996146,0.0,0.0,0.0,0.40269091013577296,0.5676046660900413,0.8571982847702995
2016-08-07,SIM,efd41fec7d9d24fd,0.5334313566570569,1,-0.20759886751842904,-0.8112150704684582,0.1014748879059809,-0.402937577449149,0.015268340661809586,-0.5885859801924044,0.014983360586463013,0.0,0.0,0.0,-0.009953065874986292,-0.873815752553591,0.42076363732272276
2016-08-09,SIM,efd41fec7d9d24fd,0.5019308439845159,1,-0.9607610146659211,-0.6605842991164355,0.4249338531278034,-0.4748394847849322,-0.31704146460011506,-0.6095543279752199,0.07406052405828865,0.0,0.0,0.0,-0.01737982824920031,-0.7310389277160644,0.5698614122961838
2016-08-11,SIM,efd41fec7d9d24fd,0.530545080123556,0,-0.162216727789607,0.6046448833974571,-0.24660134271738485,-0.59582664196039,-0.2555915158388139,0.5689604359547304,0.02168979470014303,0.0,0.0,0.0,1.4265033475652211,-0.6255876122996692,0.5579361281177484
2016-08-13,SIM,efd41fec7d9d24fd,0.5530927243315747,0,-0.9460721595920811,-0.057595386853520114,0.08401128223336249,-0.8309178888718877,-0.38312386223867245,-0.6373109877685214,0.12414694282476538,0.0,0.0,0.0,-0.05267688339481644,-0.2765659163263121,0.7479583383038484
2016-08-15,SIM,efd41fec7d9d24fd,0.5645645645750091,1,0.22828275015009164,0.54754509546515,0.995782792359621,-1.1130139063457192,-0.6396417555312192,0.6193655387963406,0.008557567488778206,0.0,0.0,0.0,-0.27347779762595537,0.02002615505459571,0.5535748395828296
2016-08-17,SIM,efd41fec7d9d24fd,0.5508965588060097,1,0.5467494848607849,-1.063192138710254,0.3388229170551264,0.17954437172536958,0.7437227639717787,-0.1694148848227365,0.0014126963682857818,0.0,0.0,0.0,0.49147527690956283,0.3438202903986264,0.669008090994667
2016-08-19,SIM,efd41fec7d9d24fd,0.5162891094650279,0,0.8457471639586523,-0.03875643281154077,-0.13733555112136095,-0.3917595934421677,0.09545445536194448,-0.45374692488563506,0.18624407602386636,0.0,0.0,0.0,0.2916610527010989,-0.7880478606518995,0.9049337083814273
2016-08-21,SIM,efd41fec7d9d24fd,0.5506899203443487,0,0.391868427788013,-0.0846409876824733,-0.45095383918960813,-0.4700977010925483,0.6479534907959068,-0.5245052019720349,0.1382103633495707,0.0,0.0,0.0,0.10470285941416928,-0.09386219105001706,0.4244054892166333
2016-08-23,SIM,efd41fec7d9d24fd,0.56184107714493,1,0.34532506092963167,-0.07185491122435748,0.717921139618982,-0.3559236507238197,-0.2950635826201662,0.7076848284700704,0.9053894755204522,0.9053894755204522,0.0,0.0,0.49509405867375156,1.1582648561201425,0.4003384041855291
2016-08-25,SIM,efd41fec7d9d24fd,0.5506018545020116,1,0.26357937456039615,0.5862201430956145,0.13730246020204995,0.7281318459967688,0.6761028587317646,-1.036915964053259,0.15121796373853902,0.0,0.0,0.0,-0.5187398789912813,-0.2035075950120791,0.6616287035722993
2016-08-27,SIM,efd41fec7d9d24fd,0.5726318681712675,0,-0.2840065246269072,-0.22248095336983287,0.5154563672980504,-0.3524965656066221,0.8774152754377615,-1.3366074280013152,0.0527361962984499,0.0,0.0,0.0,0.8002859432114485,0.08863676719229141,0.7004215965925946
2016-08-29,SIM,efd41fec7d9d24fd,0.5543327526762797,0,-0.052309003684134714,1.0267907570415433,-0.520889074252899,-0.38367904659026597,0.3066816090622945,-0.14294580099015236,0.021515557666353515,0.0,0.0,0.0,0.32839689154367196,0.22943575989007522,0.5535602258615407
2016-08-31,SIM,efd41fec7d9d24fd,0.5753884823446288,1,-0.43363508265322825,0.19317260400543532,-0.03975709577420102,0.39345154450417763,-0.27293565544312626,-0.04689954038416808,0.013253572317605978,0.0,0.0,0.0,0.6331781253936738,0.4310399427505365,0.5618142688835519
2016-09-02,SIM,efd41fec7d9d24fd,0.5424857863773994,0,0.8871543232670542,0.317211257909083,-0.3640238267315262,-0.7810039420697088,0.5526607597990021,0.7510123166275938,0.04079837703189182,0.0,0.0,0.0,0.7858673985479593,-0.37772316771352704,0.5293780755761033
2016-09-04,SIM,efd41fec7d9d24fd,0.5803391893849671,1,0.8639242182630875,0.29933341719891254,-0.5426093228739532,-0.0027391252084670785,-0.6780693595229838,-0.5065263427605917,0.17846220530228551,0.0,0.0,0.0,-0.04579894880371165,-0.25710156518199706,0.6882431470335084
2016-09-06,SIM,efd41fec7d9d24fd,0.5206733841108996,1,0.7171189887921058,-0.5415779854996595,0.2250678800166106,-0.09243201785519421,0.13321457630272,-0.03808935111766136,0.16115600054103976,0.0,0.0,0.0,-0.5473276709167066,0.6729734417669394,0.5625227895677726
2016-09-08,SIM,efd41fec7d9d24fd,0.5512479428400233,0,-0.15547600925109198,0.10954042578665585,0.48884325733786277,0.875946969223104,0.3909474275598717,-0.4831242378884564,0.021903061933442713,0.0,0.0,0.0,-0.7512817022223742,0.743143517904796,0.5762261857800657
2016-09-10,SIM,efd41fec7d9d24fd,0.5324844564009483,0,0.2022698627151327,-0.6195307613676414,0.1789672215041362,-0.8095083266141452,-0.610419318095222,0.4605548275048627,0.14381865030795474,0.0,0.0,0.0,-0.7123080055007274,0.5605784479465638,0.4538902700258539
2016-09-12,SIM,efd41fec7d9d24fd,0.5162225384275956,0,-0.5448561597978706,-0.7568298773804047,0.6693183635612043,0.07300541927534836,0.05590053832790837,0.09274450186198946,0.15945109957951992,0.0,0.0,0.0,0.0860026967619535,0.0695328014505779,0.9846075548461503
2016-09-14,SIM,efd41fec7d9d24fd,0.5443754869882782,0,-0.37722586543743625,-0.5352009035276261,-0.7207777194848402,-0.30668290309975915,-0.09379278836031962,0.01667671636779677,0.0956919029778472,0.0,0.0,0.0,0.5142600179088131,-0.19909863159526392,0.45487716505638465
2016-09-16,SIM,efd41fec7d9d24fd,0.5577555237849374,0,-0.3680229054088824,1.3188731784360346,0.17334138796959278,0.5445388619761224,-0.12636077286177036,1.1032686189706329,0.09269759622940364,0.0,0.0,0.0,-0.2577418737648049,1.0166335618252704,0.7325176069367401
2016-09-18,SIM,efd41fec7d9d24fd,0.5049374179117673,1,0.2905262919734374,-0.13246061586816057,-0.09872504554263997,0.1264117466064351,0.28475439426215055,-0.6691054525895,0.06689936569037239,0.0,0.0,0.0,-0.24518854362348197,-0.3326940190516441,0.5749495961329932
2016-09-20,SIM,efd41fec7d9d24fd,0.5425871594193985,1,0.5070306012168645,-0.21365083264041668,0.5554351366036041,0.035747031932621805,1.027751172713667,1.0909562129450172,0.187457626345495,0.0,0.0,0.0,-0.5189639559441119,0.1943403276631034,0.6533060416295122
2016-09-22,SIM,efd41fec7d9d24fd,0.5695523712323929,0,-0.523071161362383,-0.5342187382661708,0.07417741783287744,0.21250377514922208,-0.36178287506482837,0.25502671258000537,0.0751616242300101,0.0,0.0,0.0,-0.4959405956224173,0.23680475634170553,0.5081836954236889
2016-09-24,SIM,efd41fec7d9d24fd,0.606697847572242,1,0.8860110008223117,1.0747559176978931,-0.45400464771710475,0.25331731664973234,0.9643488327460186,0.28556800894886897,0.0017756456087895556,0.0,0.0,0.0,0.773506614385105,-0.04289215147075545,0.963730064034276
2016-09-26,SIM,efd41fec7d9d24fd,0.6181087870633984,1,1.382178531874843,0.053611166393281395,-0.479769639825564,0.5423114207216314,-0.6678305413595058,-0.06992283445680057,0.81805584790225,0.0,0.0,0.81805584790225,1.4866096355475253,-0.2515439136968181,0.7632379485150933
2016-09-28,SIM,efd41fec7d9d24fd,0.5593748044514619,1,0.5149391574692236,0.12575747855405328,-0.5243899062175496,0.4605188908267345,-0.6394899581048171,1.0993997686395287,0.039668033397072616,0.0,0.0,0.0,0.050555784628530116,0.16315816006430245,0.8457037954607867
2016-09-30,SIM,efd41fec7d9d24fd,0.6236146374943107,1,0.6287209030306651,0.11930422615989736,-0.15665738201548868,0.5613990634815592,-0.07533494609070653,-1.103702445084176,0.021330064095158186,0.0,0.0,0.0,0.76276088408537,-0.3680700304824628,0.804374402141891
2016-10-02,SIM,efd41fec7d9d24fd,0.6245264350130747,1,0.30121018421867696,0.5745570274888192,-0.4579489611234193,-0.4123655908809801,-0.07736896998988696,-0.9137362412942092,0.19592953506438512,0.0,0.0,0.0,0.3357210328089204,0.4457055792631505,0.9532870326460458
2016-10-04,SIM,efd41fec7d9d24fd,0.5869504974712425,1,-0.21508019289676528,0.4847948655119072,0.0845522864298548,0.29508016637062756,0.9603275179847205,-0.41925101343781984,0.020773092333307354,0.0,0.0,0.0,0.7874048227477498,-0.5992851541242284,0.6565983622140474
2016-10-06,SIM,efd41fec7d9d24fd,0.5873190307614544,1,0.4855112913549168,0.5254345098678656,-0.1665826305133131,0.6655489577519499,-0.1892771559866493,-0.14069070390843483,0.09910772114271978,0.0,0.0,0.0,-0.38608867982061423,0.1805668621125643,0.7401378612868683
2016-10-08,SIM,efd41fec7d9d24fd,0.5254858447413975,1,0.9242054086683944,-0.0178655309358737,0.4446058680128007,-0.2647393792527415,-0.04628244364952239,-0.2078849982473974,0.08077982828906115,0.0,0.0,0.0,-0.7610758596265941,-0.2566532908883458,0.46438530504953035
2016-10-10,SIM,efd41fec7d9d24fd,0.49919317940987706,0,0.18997403232742707,-0.39129382475189667,-0.39534095899736726,0.06380859457310631,0.7931805384986413,-0.8896903044137243,0.03007713358026185,0.0,0.0,0.0,-0.3783932758892035,0.26966152004193533,0.8769664760785576
2016-10-12,SIM,efd41fec7d9d24fd,0.5283798079737259,1,-0.4299617213648531,1.1866978384450504,0.6768777704235116,-0.5158943453033555,0.18387696956514835,0.2529067599064026,0.16827237749939863,0.0,0.0,0.0,0.7210980862385636,-0.43469660986067826,0.6842080353217554
2016-10-14,SIM,efd41fec7d9d24fd,0.5329519269138566,1,1.0708315265633697,0.929222308064486,0.7102078438285603,0.33764183790765023,0.05454878323669965,-0.7259744737274311,0.06798103447041841,0.0,0.0,0.0,0.5126493977572691,0.4663210843327095,0.9226675266520217
2016-10-16,SIM,efd41fec7d9d24fd,0.51246429567478,0,-0.5135785899416074,-0.0951223841596143,0.6838799559221401,0.15810870317129747,-0.3960910310517836,-0.4697269449618394,0.10907448438168198,0.0,0.0,0.0,0.9610772641257175,1.324461019519086,0.9820644961948766
2016-10-18,SIM,efd41fec7d9d24fd,0.48249670575243986,1,0.8797799426029606,-0.36964896816546067,-0.8721056861414076,-0.05215588021457096,0.04382096284722806,0.2892025450272159,0.17596364327419822,0.0,0.0,0.0,-0.4064220900462514,0.9355426284774764,0.5094593994762212
2016-10-20,SIM,efd41fec7d9d24fd,0.5136577797356205,0,-0.5438925997891333,0.1331530386898504,-0.1344961173329976,0.43650818667748814,-0.09475979320060078,0.01562760245985237,0.1920722942033614,0.0,0.0,0.0,-0.016345022659669337,-0.6464394569994407,0.4857922387039714
2016-10-22,SIM,efd41fec7d9d24fd,0.5268296792198262,0,-0.18637415321555778,-0.7071477529880179,-0.49567412004360467,0.5318623038809801,0.48553426913920156,0.48246861429399646,0.5230444158629255,0.0,0.5230444158629255,0.0,0.039168075334415756,0.6388772690357557,0.9080001905365791
2016-10-24,SIM,efd41fec7d9d24fd,0.4762339814050207,0,-1.5181718167933398,-1.2945708194750931,-0.396072278366405,0.5574762676379619,0.072649696885783,-0.897823667008234,0.08038331599986898,0.0,0.0,0.0,0.423431710947709,0.8485162400026218,0.8386602088744646
2016-10-26,SIM,efd41fec7d9d24fd,0.5291192092550281,1,0.9799445573975609,-0.47456221259689013,-0.1586961295523111,0.6633563917773732,-0.7427184277066001,-1.2536864558381602,0.11570410187341765,0.0,0.0,0.0,-0.2538839555302825,0.7999893298506235,0.8745646893235972
2016-10-28,SIM,efd41fec7d9d24fd,0.5110692790110085,0,0.3728286716499159,-0.8126982916659629,-0.805224506046207,0.16090671665666426,-0.47475638184031993,-0.1910520868412217,0.056152529567103066,0.0,0.0,0.0,0.1811526143727783,-0.3125144694408512,0.8781742608869154
2016-10-30,SIM,efd41fec7d9d24fd,0.46694935411229,0,-0.6746323461595383,-1.1247004664157982,-0.0758463747620507,-0.5770472511654366,-0.21799808986562183,0.11096575486754715,0.19856822077205893,0.0,0.0,0.0,-0.7806785089229316,-0.807853865347018,0.8081547936176545
2016-11-01,SIM,efd41fec7d9d24fd,0.4925319396942188,1,-0.5753962092626088,-0.18750398684054437,0.03697946943890212,0.10783930023685033,0.806345370690328,-1.0912423969626248,0.10296934409758307,0.0,0.0,0.0,-0.6269347043654115,-0.5377719205997227,0.7919480324066366
2016-11-03,SIM,efd41fec7d9d24fd,0.49138882680312446,0,0.5683594514280701,-0.6710629074981604,-0.14561392583885532,-0.2016407539861496,-0.15347263382501927,0.8078406009954779,0.04543651688436077,0.0,0.0,0.0,-0.9601290967089473,-0.2302367974137458,0.9184161749765567
2016-11-05,SIM,efd41fec7d9d24fd,0.48749830026764246,1,-0.7055922529210048,-0.08596643988290406,0.18080429268152715,-0.015127692809139661,-0.04869173419499361,0.5005062978996663,0.10902947627288809,0.0,0.0,0.0,0.22732039069457213,0.29423647592162294,0.7250150401357087
2016-11-07,SIM,efd41fec7d9d24fd,0.4914182960656304,1,0.31225365169087516,0.6878394917034211,0.5102691821443954,0.3325804635409325,0.32502862403220717,0.21595405865210343,0.167972510761621,0.0,0.0,0.0,-0.053759285087346786,-0.8141612861557275,0.49503203182729194
2016-11-09,SIM,efd41fec7d9d24fd,0.4954619331719377,1,0.01439481477324206,-0.3872245964106994,-1.126503484739085,0.5957000347178772,0.15097885004094444,0.24217106705836852,0.07132774025432675,0.0,0.0,0.0,-0.5280691096240648,-0.04678850468224378,0.9471744554948529
2016-11-11,SIM,efd41fec7d9d24fd,0.5075773993166723,0,-0.7978394518120117,-0.7690573066947948,-0.5002002381195195,0.23629271185584708,0.22415500871707464,0.3581006072799113,0.7661781740428981,0.0,0.0,0.7661781740428981,-0.5520745743225259,-0.14120660528913911,0.7802365491630379
2016-11-13,SIM,efd41fec7d9d24fd,0.5376548554131557,0,-0.9010445997749292,-0.920559926510181,-0.12180016403355534,-0.7181616008042131,-0.23168973583711494,0.37653574811807483,0.12948795366144145,0.0,0.0,0.0,-0.03731968260012119,-0.5968625345244879,0.6861531250166446
2016-11-15,SIM,efd41fec7d9d24fd,0.5072706352530812,0,-1.1868330007826202,0.09401663726883056,-0.4127979056996814,0.1316042878828118,-0.3110312098311754,-0.9237876192492647,0.07723858579974614,0.0,0.0,0.0,0.9317651467662397,0.410963375539633,0.536069182481769
2016-11-17,SIM,efd41fec7d9d24fd,0.4904726381393547,1,-0.42288609275480726,-1.192431830416489,0.28920387933518305,-0.045482029762721435,0.035864037363685666,-0.16523995060172475,0.04253225142102273,0.0,0.0,0.0,-0.9782140436295501,-0.3549128934759963,0.4277923551511284
2016-11-19,SIM,efd41fec7d9d24fd,0.4338214092060458,0,-0.9214619051111677,-0.9967447116102777,0.17324070874975264,-0.37577796402131114,0.23014807357221284,-0.30696735889584703,0.14718083407759802,0.0,0.0,0.0,-0.5139238504761782,0.4331257649851974,0.969501104250863
2016-11-21,SIM,efd41fec7d9d24fd,0.41167532771067705,0,-0.4688873172835987,-1.2087887493846878,-0.3710063119192609,0.2542988416487937,-0.0035567928352635615,-0.43353391771771804,0.11665515507218127,0.0,0.0,0.0,0.8492503618641292,0.629648146085934,0.5478081551035514
2016-11-23,SIM,efd41fec7d9d24fd,0.4305460231328325,0,-1.2328307364102402,-0.161849798149173,0.32648336795833016,-1.1545644696390156,0.13216550195878346,0.18477986593346818,0.050521695671103144,0.0,0.0,0.0,0.26082316469912165,1.2910426978443006,0.7341576847193716
2016-11-25,SIM,efd41fec7d9d24fd,0.42440754913018797,0,-0.6989355822566106,-0.09713396617558889,0.23609232079129552,-0.12127748743891341,-0.34921731869528727,-0.12607902308705016,0.11282720363192422,0.0,0.0,0.0,-0.6775137795714462,0.1952377974625726,0.7590015702405072
2016-11-27,SIM,efd41fec7d9d24fd,0.5087131672639684,1,-0.40876346699650373,-0.1670158895656211,-0.301693488191539,0.2281323968518168,0.35036107336419103,-0.43777358564461655,0.5855028912540242,0.0,0.5855028912540242,0.0,-0.5422163209343943,0.5945754731326236,0.49183558866263505
2016-11-29,SIM,efd41fec7d9d24fd,0.4956774726475944,1,-1.2102457504244115,-0.17493631048509298,-0.27498092614712266,0.9946581874322012,0.5032325712335991,-0.05156406031162529,0.027444258370271313,0.0,0.0,0.0,0.30822204338454284,-0.06548025842781577,0.6587133988848864
2016-12-01,SIM,efd41fec7d9d24fd,0.46483575896944085,0,-0.9392283899228202,0.3373827406658205,0.21321706165861581,0.11963480652821103,-0.8964228255931587,0.5800680021353873,0.08781960601526753,0.0,0.0,0.0,-0.3297733116777399,-0.16075486598702468,0.5116134213955131
2016-12-03,SIM,efd41fec7d9d24fd,0.3817685758622272,0,-1.9025435881221249,-0.6902260496682203,-0.49235984086860496,0.9521347364247501,0.7428755183667205,-0.2949783199443812,0.07120404615196492,0.0,0.0,0.0,-0.6523836939024967,0.35090144554803865,0.8475932604370253
2016-12-05,SIM,efd41fec7d9d24fd,0.47494322015347445,0,-2.14852036895907,-0.5764741185649591,0.0640902298725267,0.131430266119441,0.1937589443168768,0.3458213241908543,0.05212837533570822,0.0,0.0,0.0,0.426565758145787,0.3975659905132089,0.8053102028335295
2016-12-07,SIM,efd41fec7d9d24fd,0.4873081562190194,1,0.7002366046807771,-0.8183426886618232,-0.4736648194221669,-1.1765911845684531,0.3205397245037256,-0.103345005095181,0.19189948493701503,0.0,0.0,0.0,0.32870168402818206,-0.32098893272335627,0.9887068041677778
2016-12-09,SIM,efd41fec7d9d24fd,0.49993092208809325,0,-0.27654016352260075,-0.8433588120714703,0.4142527284145702,-0.5359482645093209,1.0510160474344796,-0.44196670297171825,0.028371566900180167,0.0,0.0,0.0,-0.5654690018877677,1.281141884465773,0.6451997286801741
2016-12-11,SIM,efd41fec7d9d24fd,0.48078962703946954,0,0.2435265932781273,-1.3068487001096538,0.0026405158994887755,-0.5431132512847394,1.1053458065292152,0.12109129888827146,0.19782023038479588,0.0,0.0,0.0,0.750588244281083,-0.40970053298695625,0.9695633152901426
2016-12-13,SIM,efd41fec7d9d24fd,0.44491034925938117,0,-0.7104170398672605,-0.2020356439976569,-0.025446740650557183,-0.24287319828521564,-0.266637661128347,-0.36943625712854783,0.06327320054732435,0.0,0.0,0.0,0.8741280054317248,-1.1199010097872248,0.40287046041459773
2016-12-15,SIM,efd41fec7d9d24fd,0.4460000874018615,0,-1.6057175401360255,-0.3621098498707177,-1.474030824280659,0.14215963687537125,-0.7316611623876046,0.4831068606567429,0.15260381772796167,0.0,0.0,0.0,-0.6572164892934897,0.4143805242935092,0.5998337359695581
2016-12-17,SIM,efd41fec7d9d24fd,0.4084765883776635,1,-0.43566499764514965,-0.36988373007980857,-1.3011889697064354,0.5159366232456811,-0.38997775000622587,0.5891087306843262,0.13755198390833287,0.0,0.0,0.0,-0.3693523306968688,-0.13776760913688624,0.9085152412270487
2016-12-19,SIM,efd41fec7d9d24fd,0.3998203233951001,0,-1.138415648693941,-0.6625905040545956,-0.19324385926061388,-0.23303456313533724,0.3894746549717304,0.29667428261124085,0.12742260651377968,0.0,0.0,0.0,-0.13791684446270058,-0.371535649195979,0.4165983909908217
2016-12-21,SIM,efd41fec7d9d24fd,0.4074453727008585,0,-1.823503345583332,-1.628506595488954,0.21648558933793952,-0.3675305334132256,0.580288938108607,0.876898588070504,0.14072208710644182,0.0,0.0,0.0,-0.3145900946456236,0.4762768663853957,0.5736638299849753
2016-12-23,SIM,efd41fec7d9d24fd,0.4497512165492571,1,-1.57631601703056,-1.3300577412174621,-0.44260541361671063,0.3060227655337167,0.7145781472420522,-0.35251209246356,0.13146808423282344,0.0,0.0,0.0,0.0711638797698982,-0.16463135112018218,0.6738269564955323
2016-12-25,SIM,efd41fec7d9d24fd,0.41819632600753354,1,-0.6640914063269165,-0.6231148254835346,0.6398353709915998,0.5705291281687804,1.6129886341910649,-0.9508481265878826,0.0038518605251202545,0.0,0.0,0.0,-1.0024819371109854,-0.6969315906201632,0.47286755467761127
2016-12-27,SIM,efd41fec7d9d24fd,0.4156060797251884,0,0.062038620801428634,-0.9728039474617312,0.8728167660099899,-0.11866706991945954,-0.1145031166547339,-0.08329122707942015,0.09340893127240608,0.0,0.0,0.0,-0.8710229426488681,-0.5246437801443316,0.9205838929846576
2016-12-29,SIM,efd41fec7d9d24fd,0.4588240395173773,0,-0.7168651600179531,-0.6565151834236488,-1.5879463845787551,0.8620348646659902,0.48731415526037564,-0.09027442575539578,0.01789801511880551,0.0,0.0,0.0,0.1075417252702929,0.04343686270254251,0.801152323284124
2016-12-31,SIM,efd41fec7d9d24fd,0.4384648777184358,0,-0.8838240063387662,-1.210705159546974,0.2630740326628458,0.8666055173263939,0.1468415081819248,0.07690130890636683,0.5635125692467726,0.0,0.0,0.5635125692467726,0.4132687921519462,0.022676536114305826,0.7197978923026933
2017-01-02,SIM,efd41fec7d9d24fd,0.47274553673297653,0,-1.6879792650530234,-0.41002621387579385,-0.66312017979005,-0.45592206307246336,0.5599076354006791,-0.2691272984349048,0.1494173643177867,0.0,0.0,0.0,-0.8421427269602633,-0.8885234613896411,0.8111671199005444
2017-01-04,SIM,efd41fec7d9d24fd,0.5190227487359538,0,-0.08258920943186607,-1.4659476340153508,-1.0098075240210842,0.06905946597731502,0.008238061286782703,0.3924239978841804,0.17303883963455263,0.0,0.0,0.0,-0.8664582901824168,-0.2286471668128957,0.9365508641034135
2017-01-06,SIM,efd41fec7d9d24fd,0.4907324727834895,0,-1.192548068993898,-0.6343108289297503,0.0744634264442621,0.8619867064581381,0.15184454586628526,-0.006578572969317312,0.15426301930072442,0.0,0.0,0.0,0.29416386911659714,0.1969342395492912,0.49473379531937317
2017-01-08,SIM,efd41fec7d9d24fd,0.5294954309906779,0,-0.8505945526271295,0.2457098164353527,0.4684830984345504,0.11530885463772264,-0.4748230497634539,0.060279201737863414,0.9850231050830164,0.0,0.0,0.9850231050830164,0.48682319730362195,-0.06752798266363187,0.7953700418131626
2017-01-10,SIM,efd41fec7d9d24fd,0.5060555453772533,0,-0.39141437845035987,0.4525393054251917,-0.002783232526964002,-0.8252667936899094,-0.16171572271928855,-0.5032526201054346,0.549143730461114,0.549143730461114,0.0,0.0,0.48744312266489115,0.21346932222980808,0.5997007818713532
2017-01-12,SIM,efd41fec7d9d24fd,0.5454128298741907,0,0.12058146604572778,0.0656828735336898,-0.3837458610272647,0.4107404501906671,-0.13858391179483012,0.2861285503957097,0.18595993986538598,0.0,0.0,0.0,-0.7494233748187122,0.7195052146382913,0.6810189768354166
2017-01-14,SIM,efd41fec7d9d24fd,0.48772577932892563,1,-0.5608144029732084,0.21290712912041265,-0.07040853995928528,-0.33449550631175123,-0.35730800287060943,0.22664957322303808,0.047040053917286564,0.0,0.0,0.0,-0.15697906097842715,-0.37130700157989527,0.5956094199335328
2017-01-16,SIM,efd41fec7d9d24fd,0.524516960249387,0,-0.48338852871412663,-0.3456296426964336,0.07692610769969985,-0.10174066920750978,-0.2975505354840141,0.7837243130244704,0.08852094775644732,0.0,0.0,0.0,-0.0020338257465084084,0.920139247498066,0.6597261423971599
2017-01-18,SIM,efd41fec7d9d24fd,0.47627937501231854,0,-1.4590706895106316,0.6851520818837523,1.094312586028198,-0.22793672393550424,-0.6297880909254345,0.0960768403977566,0.19459295509290317,0.0,0.0,0.0,-1.0364791888089557,0.22994596813821805,0.8715365127271153
2017-01-20,SIM,efd41fec7d9d24fd,0.5756522694933827,1,-0.0954541270742848,-0.17839805168856143,-0.46655933687586126,-0.06416396913020447,0.4147942869393783,-0.4340977769507527,0.08244986630989946,0.0,0.0,0.0,1.0923725459973759,0.622190481476853,0.6469300264999402
2017-01-22,SIM,efd41fec7d9d24fd,0.540740211511451,0,-0.151779328003854,-0.5030947324174517,-0.6524045426483922,-0.1255052041452598,-0.3259271603646848,0.1831685538802697,0.4625759306587406,0.0,0.4625759306587406,0.0,0.07637625460485485,0.986180185922623,0.9435802155997212
2017-01-24,SIM,efd41fec7d9d24fd,0.4791488746100116,1,0.544293462538741,-0.08860656083615351,-1.0605441513546616,0.6015493280808225,-0.44529090573917585,0.6197633037025693,0.10052481685513406,0.0,0.0,0.0,-0.21872000428296134,1.001470704908871,0.6280883838300925
2017-01-26,SIM,efd41fec7d9d24fd,0.478116408084631,1,0.10062163311648925,-0.15140405945441376,-0.3355222018686309,0.056734537553187483,-0.15713705696749253,-0.02947574809799784,0.040125946821054484,0.0,0.0,0.0,0.01875401538990052,-0.7420768648372436,0.5705852444063552
2017-01-28,SIM,efd41fec7d9d24fd,0.48294876096259226,1,-0.22587604918325493,-0.6214688317369917,-0.1259031158285409,-0.13763088258653103,0.5380186337157891,-0.09990002535170313,0.07885636598954263,0.0,0.0,0.0,-0.7358195735924828,-0.517001635134175,0.9382655191490873
2017-01-30,SIM,efd41fec7d9d24fd,0.4818390065143776,1,-1.3377562443782267,-0.6514550054792946,-0.18543811108814626,0.04426267784040126,-0.5504117361852828,-0.18249435832919536,0.1568992050175361,0.0,0.0,0.0,-0.4108201627695932,0.30842707988319,0.6923886869946649
2017-02-01,SIM,efd41fec7d9d24fd,0.49012894942489665,1,-0.8120324158836386,0.2136704200905526,0.02594169472877534,0.47471124464162245,0.7871215769154514,0.30782290976126003,0.018305807544772023,0.0,0.0,0.0,-0.6048998446651056,0.27303801819713275,0.7193573964207385
2017-02-03,SIM,efd41fec7d9d24fd,0.44791125194987447,1,-0.44120510506506233,0.8194784950587615,-0.18572735434383017,-0.1704025704017639,-0.08977714554448565,-0.39629339442844763,0.014260136136472236,0.0,0.0,0.0,-0.2607874164043104,-0.2455177005805623,0.8768718291363989
2017-02-05,SIM,efd41fec7d9d24fd,0.5050219419886358,1,0.2114571184940172,-0.5861714600868884,0.9052204450059519,0.2610097806040787,-0.07299055064508907,-0.08606395453973303,0.7144605707931363,0.7144605707931363,0.0,0.0,0.31745257185466336,-0.054710262734653986,0.40538647518430404
2017-02-07,SIM,efd41fec7d9d24fd,0.48511943114874023,1,-0.03237853400146329,0.3128298741321386,1.6852001808747143,0.5654761874965322,-0.3158157226212309,0.3499110345850723,0.09101211713774376,0.0,0.0,0.0,0.261987519086226,-0.5025387161197208,0.9215827256576555
2017-02-09,SIM,efd41fec7d9d24fd,0.4565064687959794,0,-0.5745325490025373,-0.5175155963825342,-0.7167924479975394,-1.2347250888773895,0.7932987435689091,-0.024781894248214698,0.057181001006485516,0.0,0.0,0.0,-0.356598835732861,-0.9624835057465896,0.8722937111342874
2017-02-11,SIM,efd41fec7d9d24fd,0.47573388744883793,0,-0.49945611874066553,0.01765189826748864,-0.3215676558882944,-0.12546331798763904,0.03031837639190958,0.008843533837187422,0.028099854525730383,0.0,0.0,0.0,-0.8721196469495884,-0.4133173339253637,0.6340215447385856
2017-02-13,SIM,efd41fec7d9d24fd,0.4720369438656131,0,-0.23632588431108303,-1.0390211179518207,-0.8619907210924136,0.7978452614865901,0.8718250783969819,0.01630360434111813,0.03143424207669141,0.0,0.0,0.0,0.6849947635855981,-0.25235736605789827,0.6427299817995605
2017-02-15,SIM,efd41fec7d9d24fd,0.4779996627132239,0,-1.1325720106666703,0.11873708907252328,0.6177235682108556,1.2373271282129803,0.2913982771394974,-1.0903708055223345,0.06534506926519097,0.0,0.0,0.0,0.38457013904287196,0.5532452226641001,0.709327127242558
2017-02-17,SIM,efd41fec7d9d24fd,0.4563591545735323,0,-0.7520266412238876,-0.21052223848205665,-0.21662313821884055,-1.1819276327502373,0.9760313721130289,-0.23361284481044803,0.12095239361034023,0.0,0.0,0.0,0.5510742599853282,-1.11092939147839,0.6200996632670019
2017-02-19,SIM,efd41fec7d9d24fd,0.5004127967876256,0,-0.7882704962772173,-0.6905592578407022,-0.6778063959600312,-0.2309490602439175,-1.0837816626376013,0.07083532492414536,0.06346655138793536,0.0,0.0,0.0,-0.5326357088981876,0.4279808713082044,0.5255913188687609
2017-02-21,SIM,efd41fec7d9d24fd,0.480418325097245,0,0.7277901064341714,-0.6292381131124584,0.3694079934306881,-0.33571343873579135,0.006994657497216128,-0.0612318610196844,0.16709640326671324,0.0,0.0,0.0,-0.17889079415132397,-0.9360033944119537,0.6933739099784499
2017-02-23,SIM,efd41fec7d9d24fd,0.4774994163985212,0,-1.008400998463887,-0.1270606702388314,0.430726618936928,-0.46494636384964944,0.6089854362927133,0.17915825618659284,0.18433941710814733,0.0,0.0,0.0,-0.46864598248692746,-0.645611960086353,0.8086328841714261
2017-02-25,SIM,efd41fec7d9d24fd,0.47105730436651555,0,0.22677989528157982,0.568025632096107,0.6073590674680751,-0.4357179425573883,-1.1570639122108002,0.3963095882223529,0.026307525172078974,0.0,0.0,0.0,0.020966070131097157,0.06016714668485014,0.809510858170521
2017-02-27,SIM,efd41fec7d9d24fd,0.4560485494370989,0,0.15385218380782267,-0.5812830091243487,-1.2528014349214909,0.6213585270007617,-1.305849075158845,-0.8187597411076386,0.11044964904423082,0.0,0.0,0.0,0.7642619582359966,0.357641164496771,0.8244317281842661
2017-03-01,SIM,efd41fec7d9d24fd,0.5286398931553857,1,0.04778199231652769,-0.5465377249853113,-0.8704789806113638,0.09885858867953153,0.6179899200536684,0.29990572144523936,0.14347261752886073,0.0,0.0,0.0,-0.11542585428235211,0.17653577791895075,0.8796693426994271
2017-03-03,SIM,efd41fec7d9d24fd,0.5316213759088757,1,0.42355801579913543,0.37144407891705616,-0.02155785147679389,0.15510197659858854,-0.2403170482486155,-0.5000098689162132,0.12323234142857978,0.0,0.0,0.0,-0.6519745637084037,-0.5434461864475807,0.786982316649643
2017-03-05,SIM,efd41fec7d9d24fd,0.5394814862277499,1,0.40087647132493853,0.22794191148350681,-0.15025897534644642,0.13309310825294565,0.3951822755560037,-0.15527435665893624,0.8689034954996059,0.0,0.8689034954996059,0.0,0.5826776942369285,0.5683452174442538,0.7467070767343451
2017-03-07,SIM,efd41fec7d9d24fd,0.5475576664384076,1,1.6913451903964507,0.27637737651565,-0.2593897213403769,0.503657855970531,-0.12495463248356746,0.23369763414849806,0.019786125299507518,0.0,0.0,0.0,0.28171206144707284,-0.46427428020246714,0.4571925032638971
2017-03-09,SIM,efd41fec7d9d24fd,0.5227574473487548,0,-0.2542071612198912,-0.8295418629144471,0.018083680018947862,-0.8494659329121741,0.1097831928651089,-0.6896577737936408,0.05901693784639888,0.0,0.0,0.0,-0.0671933106711176,0.7635880664401752,0.44078473813127733
2017-03-11,SIM,efd41fec7d9d24fd,0.5307523728197491,1,0.6987197813283135,0.286335842060494,0.5034093124298851,0.9954867155300702,0.17213998510877068,0.6446637192221443,0.5581593587712183,0.0,0.5581593587712183,0.0,-0.3265401139782567,-0.13915726882519835,0.6503560915202541
2017-03-13,SIM,efd41fec7d9d24fd,0.5339621453297609,1,-0.33587686551977786,1.0413125215395838,-0.05411695735815728,-1.3694472228996086,-0.02544960479663595,-0.3868522325876971,0.054080707844323686,0.0,0.0,0.0,-1.1848137227349764,0.5912681264442259,0.585059484568487
2017-03-15,SIM,efd41fec7d9d24fd,0.5631461763217884,1,1.5824926568738973,0.5782904149867518,-0.0021277355426331454,-0.9998097331872139,-0.5247302777248253,0.5164024430287623,0.1647024392895802,0.0,0.0,0.0,1.4865753741732515,1.1959971375093095,0.46933692013345546
2017-03-17,SIM,efd41fec7d9d24fd,0.4883821914376384,1,1.0813840038415408,-0.5520694018955737,-0.7345655369693852,0.8487477287296584,-0.8356942537755325,-0.06082666889241684,0.02534898551369873,0.0,0.0,0.0,0.018404895329974122,0.15470776107964454,0.907072121017474
2017-03-19,SIM,efd41fec7d9d24fd,0.5227655151730776,1,1.0744833675735028,0.665821933847629,-0.5478592173285429,-0.26585158969319594,-0.003158769981687967,0.39310769977240045,0.06960988698847163,0.0,0.0,0.0,0.7273526482588665,0.43277860405657553,0.8292036429783112
2017-03-21,SIM,efd41fec7d9d24fd,0.5001595650145889,0,-1.0638254066768533,-0.6173701527731967,0.8633957580213267,0.701731338646942,-0.062224264547362095,-0.9621945448905116,0.15155994000551756,0.0,0.0,0.0,1.192290401783954,0.18938235387221997,0.9348936139208355
2017-03-23,SIM,efd41fec7d9d24fd,0.4918750469759606,0,-0.013103963060012241,0.9982427575349097,-0.28067310434164205,-0.7719443507806549,0.608487196950557,-0.12999936086124933,0.11852021354540904,0.0,0.0,0.0,0.6902376701599925,0.3297519610671774,0.6471593649142657
2017-03-25,SIM,efd41fec7d9d24fd,0.49869719242915955,1,-0.27537256871680177,-0.19347322818598098,0.7633229550431888,-1.113066571862619,-0.03271497553130538,0.9543912622765536,0.18327669332692598,0.0,0.0,0.0,0.030955125809193604,0.20714549604341073,0.4146574992332938
2017-03-27,SIM,efd41fec7d9d24fd,0.4818717604177797,1,0.6530679606120808,-0.4394181278479351,-0.08136074846593816,0.35985998614026204,-0.44099261693769454,0.5867172236877729,0.12770096252598892,0.0,0.0,0.0,1.1637372828761914,0.9940350940073838,0.6143587940580885
2017-03-29,SIM,efd41fec7d9d24fd,0.5207533662962763,1,0.11143088205981859,0.40966275635324756,0.8546641751574953,-0.3163678022670087,0.8029329203912687,-0.496611205132189,0.1253088781818249,0.0,0.0,0.0,-0.6820385457425187,-0.8431098842250598,0.6786976259293223
2017-03-31,SIM,efd41fec7d9d24fd,0.5122519521778787,1,-0.5494693248126088,-0.04365117694266475,-0.45694476145272406,0.1974983896474058,0.5436915774668161,-0.2804850660456831,0.6672036040624985,0.6672036040624985,0.0,0.0,-0.1756285097905643,-0.43804582763267513,0.7095782925524314
2017-04-02,SIM,efd41fec7d9d24fd,0.5001555910637153,0,-0.4280765684820329,-0.08999287516931909,-0.6864474489708283,-0.3303006601268891,0.11013269007693154,0.1627760734188667,0.08128363493091083,0.0,0.0,0.0,-0.0847147224607168,0.55009789606616,0.801697427050404
2017-04-04,SIM,efd41fec7d9d24fd,0.507059810159745,0,0.3256448790954277,-0.2364832270111767,-0.47252986863783614,-1.131506860178689,-0.1726796649994599,-0.2633061243139301,0.09689582624071413,0.0,0.0,0.0,0.09966116786682676,-0.13817548663894322,0.4977229506349139
2017-04-06,SIM,efd41fec7d9d24fd,0.5152726944902717,1,0.223881792199849,1.149064463153259,-0.44158307005831465,0.015204252583591163,-0.09245701726767719,0.8218608096610698,0.06678891604776833,0.0,0.0,0.0,0.3317245614839767,-0.23208909716012546,0.6705433530200262
2017-04-08,SIM,efd41fec7d9d24fd,0.5475535368726885,1,-0.06753457203495933,0.16305069904005484,-0.24715128157661395,0.7139610702585454,0.859477582960333,-0.7380432334975776,0.1149233334428874,0.0,0.0,0.0,0.4978108122372843,-1.2510085421861976,0.4157976057927049
2017-04-10,SIM,efd41fec7d9d24fd,0.5117417817210579,1,0.7661435054529334,0.16915749174254646,-0.20934634976680933,-0.4401685860937894,-0.3068352366136464,0.9973789827135079,0.42969282445968143,0.0,0.0,0.42969282445968143,1.0060358731067816,0.06068487227114327,0.9473007525956304
2017-04-12,SIM,efd41fec7d9d24fd,0.5264812602278074,0,0.37021866951216226,-0.018446022610080187,-0.02601763987898894,0.04405309978363819,0.32413681652483656,0.00221415427298614,0.19245703226789135,0.0,0.0,0.0,0.47387148715024935,-0.8581656548956836,0.8813707742003867
2017-04-14,SIM,efd41fec7d9d24fd,0.536029964420472,1,0.39185206213485513,0.8640466579451526,0.06955866309355503,0.12011485744426238,0.13406671815753082,-0.09004726762017455,0.06419031267525031,0.0,0.0,0.0,1.3387374998331283,-0.2597531367689439,0.5963009224770164
2017-04-16,SIM,efd41fec7d9d24fd,0.5387156031073105,1,0.6166511211428451,-0.32507569009283455,-0.3358057545808228,-0.5182113062572863,0.06313971646398545,-0.5120043802387798,0.04870385714854691,0.0,0.0,0.0,0.2885666771447423,0.10716652285356636,0.9486698807764506
2017-04-18,SIM,efd41fec7d9d24fd,0.5555990748906907,1,0.9328769532486701,0.1871181764580182,-1.0282698718488705,-0.051891261711384834,1.0189905964945865,0.5526529876319617,0.186759485050011,0.0,0.0,0.0,-0.5788463589640518,0.6018150753664212,0.6414821348311056
2017-04-20,SIM,efd41fec7d9d24fd,0.5678245627416664,1,0.4749950365960456,0.51279259939921,0.23889488004224876,-0.6756741081295706,-0.8869095735995434,0.0970581354644578,0.14131284999941504,0.0,0.0,0.0,-0.5720999707027677,-0.9049279924773191,0.7675416119928546
2017-04-22,SIM,efd41fec7d9d24fd,0.5773870891308965,1,0.4178102715605387,0.7175985937420497,-0.30665473995427617,0.7682848771493601,0.5385474631899525,-1.5259704255028161,0.06403418800856253,0.0,0.0,0.0,-0.30622992492846807,0.3859589429935866,0.8213935180236194
2017-04-24,SIM,efd41fec7d9d24fd,0.5534614865428618,1,1.0850717222105264,0.43673543449553615,-0.38091148366169064,0.3401231470480121,0.29280453332887274,0.10451360703791489,0.004671794092454618,0.0,0.0,0.0,0.18584812464689768,0.34377825585485505,0.9147150969675804
2017-04-26,SIM,efd41fec7d9d24fd,0.5499813939631819,1,0.45848864895077396,-0.6473826596329083,-0.2811703591376622,-0.44856107837938897,-0.34667754026521175,0.7387669499126158,0.1886483943969832,0.0,0.0,0.0,-1.0913661904967165,0.14511763313714435,0.7211029379822711
2017-04-28,SIM,efd41fec7d9d24fd,0.547997654051639,0,0.5563020789602973,-0.12033998481571029,-0.22468851632300962,-0.49670664923125285,-0.6733309812623214,-0.07933134155831471,0.9925284439888605,0.0,0.9925284439888605,0.0,-0.9266261109191292,-0.18095243457318083,0.8049612436139142
2017-04-30,SIM,efd41fec7d9d24fd,0.5362673796450715,0,1.0927630801229027,0.2529542030338534,0.2543080864588499,0.8563660844008983,0.6974535879844368,0.5847939930177836,0.07650845844245889,0.0,0.0,0.0,0.03731898333105469,0.04585823676688835,0.8905933264910515
2017-05-02,SIM,efd41fec7d9d24fd,0.5625139542951857,1,-0.03521434548590063,1.1904302084037264,0.3285047748059135,-0.3775171309127418,0.18775396567590674,-0.6343841100105874,0.08019112518395011,0.0,0.0,0.0,-1.2507034230853205,-0.6107162729920285,0.7406263625962834
2017-05-04,SIM,efd41fec7d9d24fd,0.5160646976147464,0,0.44208439513362097,-0.3505903439887533,0.6095906023282442,-0.2755585542655737,0.4753145728026421,0.9057252083264512,0.029871789084787048,0.0,0.0,0.0,0.28698307315249394,0.8551902282294006,0.593115279655342
2017-05-06,SIM,efd41fec7d9d24fd,0.5287954670933575,1,0.7400299815367578,-0.6259793310947146,-0.02603560707398828,-0.3198383366726518,0.47423447102718136,0.49485399652411244,0.08746266045911788,0.0,0.0,0.0,0.29595490499202654,-0.5517636455825015,0.955826957875016
2017-05-08,SIM,efd41fec7d9d24fd,0.583143018153305,1,1.0722734303099934,0.05331060248671887,-0.4094743011567385,-0.25392852431622875,-0.5958258410205316,0.7258281962713258,0.17228628773872934,0.0,0.0,0.0,-0.7337407061305035,0.5136382777065163,0.4451112709163022
2017-05-10,SIM,efd41fec7d9d24fd,0.5391605776433324,1,1.283985715409424,-0.06602922185225751,0.17306444224489406,0.48467935011866614,-0.3422549645478407,0.18043983046126866,0.08542889407999553,0.0,0.0,0.0,-0.28291591684448675,0.2190038466147085,0.7689007443972931
2017-05-12,SIM,efd41fec7d9d24fd,0.5793834869438308,0,-0.4742215918474727,-0.11972173860032864,0.3700414462319397,-0.10302291556922308,0.1958208558246865,-0.3043300886264041,0.1747732927202209,0.0,0.0,0.0,0.2078892774551008,0.26940680576510284,0.9612304161992342
2017-05-14,SIM,efd41fec7d9d24fd,0.5470574357637588,0,0.5085421657805973,0.3619972755183051,-0.008040253895693098,0.3759462839622178,-0.5052927341127231,-0.27433923383387804,0.051508797104727735,0.0,0.0,0.0,-0.5872530227961167,0.5431035769214068,0.9390414124093344
2017-05-16,SIM,efd41fec7d9d24fd,0.4986920083583141,0,0.16289323522613583,0.1323769512385083,-0.2966465621194788,0.49735359116697575,-0.05755517542374684,-0.8133294967645276,0.19995851533922196,0.0,0.0,0.0,-0.8388570302978233,0.2008167300794351,0.8653659709683812
2017-05-18,SIM,efd41fec7d9d24fd,0.48258129048335446,1,0.13905414047125927,-0.08505331294802415,-0.37000725757982666,0.7133289633190796,0.4067289452447196,-1.2608082832556426,0.1414102709224048,0.0,0.0,0.0,0.07259615103936062,-0.6200422614575197,0.552264546179537
2017-05-20,SIM,efd41fec7d9d24fd,0.5045355850378936,1,-0.7695601227460729,-0.06375585596024594,-1.0363624586655484,-0.3626856870675087,-0.1432336005079201,0.07994526552133716,0.00936581470294169,0.0,0.0,0.0,0.8790381701723052,-0.5528128959134183,0.908325764003378
2017-05-22,SIM,efd41fec7d9d24fd,0.5344491550017106,1,0.6374609732779467,0.5973278615232855,0.9278794830599152,0.4154048021982218,0.45031453389351755,0.39441836764174143,0.07318401443188952,0.0,0.0,0.0,0.9661434506185187,-0.23826466168259555,0.4049178933794207
2017-05-24,SIM,efd41fec7d9d24fd,0.5695355123568198,1,0.1134143747694874,0.6778615897694013,0.1046780519132067,-0.21431499348524938,0.49225176267798104,-0.1873613282395881,0.04171781515072453,0.0,0.0,0.0,-0.4322302307133655,0.4734277824405929,0.502653361150746
2017-05-26,SIM,efd41fec7d9d24fd,0.5269322498903253,1,0.9135609234261151,1.0496682065016096,0.6098324389718361,0.22405295807944292,0.4546437377702217,0.2128900425232186,0.07769259444634152,0.0,0.0,0.0,0.7195525752322122,0.285219875438066,0.684193644011667
2017-05-28,SIM,efd41fec7d9d24fd,0.5300753019059916,1,0.09426136631684112,1.89933424623612,0.11905197458846994,-1.268259021301469,-0.2294886695462016,-0.2531825476003799,0.0718808195369338,0.0,0.0,0.0,-0.2968536649900557,1.0063501606507526,0.5598665801398508
2017-05-30,SIM,efd41fec7d9d24fd,0.5258524484467467,0,0.6353652636101879,0.06720537934058204,-0.10517776499261268,-0.21305164482498493,0.11020240127631387,0.48754356096961154,0.043516312740926315,0.0,0.0,0.0,-0.2084410418937411,0.4285101186004352,0.5883507634443017
2017-06-01,SIM,efd41fec7d9d24fd,0.5726355001025557,0,-0.017945761370678492,-0.0001805011710580562,-0.31043455717285784,-0.6421112767711171,-0.5268247039616519,0.6810364022214213,0.039087812165272,0.0,0.0,0.0,1.3849030381741692,-0.0618611896063728,0.5162062011815713
2017-06-03,SIM,efd41fec7d9d24fd,0.5276553746526145,1,0.9854996157493258,-0.6077314842506945,0.6798531863606644,-0.3899539021223454,1.3640206560245898,-0.2667173358313014,0.12763671772889815,0.0,0.0,0.0,0.33758339159109907,1.4619920976593181,0.9710968840073295
2017-06-05,SIM,efd41fec7d9d24fd,0.5290381777129202,0,-0.28798907756937164,-0.834674466484958,-0.38192780092230916,0.45372010781944366,-0.054509454188965974,-0.5516469363784329,0.003353889809300181,0.0,0.0,0.0,0.5305763484911292,-0.6457401060954041,0.7746229819987791
2017-06-07,SIM,efd41fec7d9d24fd,0.5543575600288311,1,0.12103878583023336,0.20533343280999738,-0.23678915734883768,-0.3465921856657924,-1.2415970993732866,-0.3763933921691161,0.13451703496867426,0.0,0.0,0.0,0.8527322789539653,0.06005825703812433,0.9726535204850074
2017-06-09,SIM,efd41fec7d9d24fd,0.5352850713454255,1,1.0377322003612726,0.2857790769526509,0.6428486007693199,-0.03193290588466958,0.6099361654778584,0.6760192288100156,0.00012786840043910175,0.0,0.0,0.0,-0.3900610417837548,-0.512571177698067,0.9062657343342201
2017-06-11,SIM,efd41fec7d9d24fd,0.5050228789985768,1,-0.08421516709480875,1.4756725111872124,0.32253189930839604,-0.8461040410210562,-0.26920253551702295,-0.7503965323213196,0.10903064003195123,0.0,0.0,0.0,-0.2158634074773736,0.05372921961431602,0.5169553131093796
2017-06-13,SIM,efd41fec7d9d24fd,0.48418828141634335,0,-0.14354215915351548,0.8237672819272631,0.24857078708759367,-0.6609667320828546,0.2694227591539633,-0.48924908298791125,0.1319589456982742,0.0,0.0,0.0,1.9339609354946783,0.07010175636316113,0.8474568462091654
2017-06-15,SIM,efd41fec7d9d24fd,0.5127145036144957,1,-0.9584986577970837,-0.24289590571692965,-1.312255509685255,0.2005982209651463,0.5310337223865603,0.6024257546634811,0.8170741937561433,0.0,0.8170741937561433,0.0,-0.6785814875694652,-1.5256531269941163,0.8363862678612258
2017-06-17,SIM,efd41fec7d9d24fd,0.46170338590829096,0,-0.18717619035909783,-0.10836552414244673,-0.3415402768955407,-0.05471614558042433,-0.5629132813205904,-0.7776305291281728,0.008715464050844402,0.0,0.0,0.0,-0.3927964247458441,0.2015480270553454,0.8482393185114034
2017-06-19,SIM,efd41fec7d9d24fd,0.4999999513633607,1,0.8027041257158987,-0.16191871001257094,0.14484016280796477,0.09219437926861548,0.1951936504179228,-0.3453221995081867,0.07909786772639205,0.0,0.0,0.0,0.44387181598566944,0.30992951936354496,0.8013627051533645
2017-06-21,SIM,efd41fec7d9d24fd,0.5030269930725068,1,-1.0203647181769673,0.22174807638504634,0.09404891351066264,-0.42037782108588256,-0.09287058321280267,-0.3511389113009748,0.18679139939944464,0.0,0.0,0.0,-0.11817198427452463,0.8439237772799313,0.6769004212130563
2017-06-23,SIM,efd41fec7d9d24fd,0.4693164804115696,0,-0.10906997581453118,0.5291400785084265,-0.22870994781563314,-0.053617219631228605,0.09563207655551521,0.7861207019554594,0.0463970951220202,0.0,0.0,0.0,0.5034769202636514,-0.7850011753868064,0.49566061015323193
2017-06-25,SIM,efd41fec7d9d24fd,0.45499795069434795,0,-0.5171744762223454,0.3465750986030505,-1.091858677191526,0.12990371811809065,-0.2510531605409401,-0.1457142633102468,0.08809994054715682,0.0,0.0,0.0,0.3225946154074831,0.8012012250584476,0.9634470705958527
2017-06-27,SIM,efd41fec7d9d24fd,0.45592326562998464,0,-0.05777258528469362,-0.5064178343881758,-0.03380258675981826,0.555650431583503,-0.26879808667032407,0.4575578034683342,0.11056615591547654,0.0,0.0,0.0,-0.998651419130117,0.00032361425937945445,0.4201001311714249
2017-06-29,SIM,efd41fec7d9d24fd,0.4872695921400692,0,-0.4540086167781914,-0.6877481809411911,-0.23673512253874693,0.18930505733136016,0.07850586545219986,0.6466187870471518,0.18274735941287198,0.0,0.0,0.0,-0.2256630050495472,0.7843596604153791,0.8756754118516191
2017-07-01,SIM,efd41fec7d9d24fd,0.4676631259178824,0,-0.035366595836168385,0.314805170321178,0.3123783017729472,-0.9499014786786094,-0.1337001915605226,-1.2384698729746935,0.7548094762418383,0.0,0.0,0.7548094762418383,-0.35555503677652894,-0.3805421026319417,0.6772517095383511
2017-07-03,SIM,efd41fec7d9d24fd,0.495235742119983,1,-0.23831630766005607,-0.18940103436214592,1.107703732024698,0.17828189417972634,-0.5559499370764366,0.17524394497399348,0.17043861849741626,0.0,0.0,0.0,0.1611405104549484,1.281163728369091,0.4041701493844937
2017-07-05,SIM,efd41fec7d9d24fd,0.4550115758230003,0,0.3656327410180349,0.7763463586396491,-0.18323261687420767,0.14074016914956364,0.042667447568530095,0.7780472165489023,0.15835123068945298,0.0,0.0,0.0,-0.030870652429331086,0.2990117852770466,0.7443059796180408
2017-07-07,SIM,efd41fec7d9d24fd,0.48253295068829855,1,1.2799243880727498,-0.0685188272222903,-0.2515790943662479,-0.06471947655701418,-0.9048337359824865,-0.13714106488833483,0.08478039417190027,0.0,0.0,0.0,-0.602211821811704,-1.0208544364827066,0.746249294348347
2017-07-09,SIM,efd41fec7d9d24fd,0.5033371077191073,1,-0.43452048948828015,0.09212761951216725,0.8726098060963215,0.6241885205283543,-0.348733631550483,1.2161053811119071,0.004986214071912643,0.0,0.0,0.0,0.40671707401925217,0.6396665467469307,0.6967046217358167
2017-07-11,SIM,efd41fec7d9d24fd,0.4824600222852044,1,0.7818947608802218,0.9883089444993316,-0.6221041336727475,0.7349971055587406,-0.7534586300426681,0.6523562103070284,0.1798610440301686,0.0,0.0,0.0,-0.016715228291004254,-0.1744291227347441,0.61159933589843
2017-07-13,SIM,efd41fec7d9d24fd,0.4910461850587541,1,0.697717284846567,0.4794069324513373,0.029474463232565522,-0.2697620733485921,-0.1354154779749322,-0.7767636168192659,0.8958840254722231,0.0,0.8958840254722231,0.0,-0.16796193181927987,0.07094047159987013,0.6446811418459233
2017-07-15,SIM,efd41fec7d9d24fd,0.47888460217494916,0,-0.4439702826908443,-0.6671997673229864,0.9376041638220186,0.5910886457812058,0.6834670892498369,0.06886045805645052,0.12116895270835437,0.0,0.0,0.0,0.10265846513503556,-0.18475528658372653,0.8106257653364438
2017-07-17,SIM,efd41fec7d9d24fd,0.49056068171890516,1,-0.0007604771931914445,0.3294899407141306,-1.1239382542423095,0.39796737345746663,-0.13602519726965195,-0.14182646139155727,0.19914811866156026,0.0,0.0,0.0,-0.03891973720349087,-0.2490877318841139,0.8629208624415585
2017-07-19,SIM,efd41fec7d9d24fd,0.5278110553754028,1,0.5039346137192088,0.024983156585585087,-0.987061594840618,0.3608910319623722,-0.6290055041883319,0.04337846832310521,0.048431924366477565,0.0,0.0,0.0,0.9170917488906893,0.6227424770559367,0.966145776418243
2017-07-21,SIM,efd41fec7d9d24fd,0.5723539394343073,1,1.3651696327049665,0.4775942718602777,0.2435337500282794,-0.2904068649718349,0.4940974913834188,-0.3064945137676845,0.0021027506233004534,0.0,0.0,0.0,0.2654222659605622,-0.35275731773474156,0.5996366082229859
2017-07-23,SIM,efd41fec7d9d24fd,0.5360141592791702,1,0.9530767943528611,0.42336122428201073,-0.013686660208123562,0.18643733829001952,0.8959733486822158,-0.16954420054477953,0.551151640110558,0.0,0.551151640110558,0.0,0.948284163392863,0.6387877587459478,0.5007891611392574
2017-07-25,SIM,efd41fec7d9d24fd,0.5634179596042289,1,1.8233146205110558,1.0870650719063106,-0.7085462205271035,-0.008254621073468216,0.27201376205399724,-0.009695324339961411,0.03548988773649984,0.0,0.0,0.0,-0.5429079264910875,-0.342698317819322,0.5725513978368655
2017-07-27,SIM,efd41fec7d9d24fd,0.5475335891170615,0,0.698526809156619,-0.28424960038416436,-0.26456227780954134,-0.9128573300284827,0.7386605603551093,-0.4418972419441253,0.09634058206973904,0.0,0.0,0.0,0.6363228891663211,0.08521584721619184,0.40668899002471054
2017-07-29,SIM,efd41fec7d9d24fd,0.5824708308731139,1,1.742956446680453,0.5134046960193834,-0.5396016853578286,-0.7320389443726163,0.11198489540007019,0.2001248001798764,0.1667140700144897,0.0,0.0,0.0,-0.3360295242363957,0.44325245626468734,0.7860281417974995
2017-07-31,SIM,efd41fec7d9d24fd,0.5325316002365791,1,1.5536977960817735,-0.10168444215539263,-0.07508408677715653,1.3773932404608797,0.3943020001321971,0.46164961984033864,0.07220172868987862,0.0,0.0,0.0,-0.04922579600821531,-0.04245458487058931,0.6552000435403214
2017-08-02,SIM,efd41fec7d9d24fd,0.5086861046674777,0,1.5771735750483828,0.2938792877959832,-0.06502811141447479,-0.35576239945901006,-0.7053118489458237,-0.5361079499411892,0.18698062759100492,0.0,0.0,0.0,-0.08813511307923057,-0.7581482611343849,0.43405465999098775
2017-08-04,SIM,efd41fec7d9d24fd,0.47734658641051797,0,1.116623582703522,-0.46755659062904087,0.2716130789254597,0.12362603925337158,0.14167567302317574,1.7996996262202483,0.15602340942676407,0.0,0.0,0.0,-0.4351953273418179,-0.05195774377202436,0.8831767540057325
2017-08-06,SIM,efd41fec7d9d24fd,0.49598569140044235,0,0.6702226270200122,-0.404534305662157,-0.37031022828166654,0.4799530235988277,-0.1185062206966145,0.12493482339999669,0.0759944923294472,0.0,0.0,0.0,-0.3543001585517509,0.730351109946948,0.8391820487855925
2017-08-08,SIM,efd41fec7d9d24fd,0.48047414542986006,1,-0.1271596704202809,0.3105209161953023,-0.16589007205090425,0.14980987363186452,-0.05051290065007398,-0.7226201134490196,0.1698001820578261,0.0,0.0,0.0,-0.5783370916341888,-1.0181318096494227,0.7772391465989329
2017-08-10,SIM,efd41fec7d9d24fd,0.48330719417830087,1,0.1913242324976006,0.23464436445863612,-0.45202638820044444,0.396015436104175,-0.05930285864026561,-0.21646462463461494,0.1842363016450835,0.0,0.0,0.0,0.5306891271093802,-0.31071771516020946,0.5099042812295319
2017-08-12,SIM,efd41fec7d9d24fd,0.46516406421637546,0,-0.4402994510756864,0.8646304173403264,0.1963722683726312,0.7025294114432707,-0.9130991542989672,-0.27094146737192354,0.17307711089307704,0.0,0.0,0.0,-0.6029731927518603,0.44572024705212127,0.8380777481383379
2017-08-14,SIM,efd41fec7d9d24fd,0.42388624453845397,1,-0.4214700113379425,-0.06871788057897965,-1.1003390781163125,-0.19528768329986665,-0.015060783936496016,-0.3769531955820745,0.18693326858947043,0.0,0.0,0.0,0.2619085324957645,0.3158557536704831,0.6675488979205721
2017-08-16,SIM,efd41fec7d9d24fd,0.42275609304691864,0,-0.005743985092610621,-0.7795385380371567,-0.5126040802821509,0.5273104561624281,-1.3930252445043578,0.14554568682834962,0.11530295223865504,0.0,0.0,0.0,-0.17833327816564126,0.6644602575233962,0.8353334941807067
2017-08-18,SIM,efd41fec7d9d24fd,0.4202275105645137,0,-1.4653868610084428,-0.4097421656136955,-0.3884876703761948,-0.22215969015986892,1.3577157198585208,-0.3868690441634672,0.10621424160749547,0.0,0.0,0.0,0.5304012041766636,0.19047562439760557,0.707144008137693
2017-08-20,SIM,efd41fec7d9d24fd,0.4600186352268264,0,-0.7416906579333874,-0.6322293095575386,1.520623340150235,-0.44590004169565745,0.39041762048192463,0.5027798400112989,0.052943607273654325,0.0,0.0,0.0,0.037152277587882976,-0.1338968936998026,0.6041568107200046
2017-08-22,SIM,efd41fec7d9d24fd,0.4008993690554259,0,-0.4281876068544289,0.1846099802064724,-0.17019668090086715,0.8322800627370349,0.07796100485243374,0.35937847596309314,0.6873522640769485,0.0,0.0,0.6873522640769485,-0.22377559456008791,-0.6447823395069602,0.8246128983267478
2017-08-24,SIM,efd41fec7d9d24fd,0.4205608416287084,0,-0.10357262373064396,-0.5216902425932206,-0.5639965463235519,0.5809795950218355,0.7159370242597985,0.6158266734623762,0.13857023084706285,0.0,0.0,0.0,-0.41423838453661815,-0.8096974892645225,0.6640364431207864
2017-08-26,SIM,efd41fec7d9d24fd,0.4288809725152307,0,-0.45703341550857784,-0.9907732488024752,0.7003279181220832,0.0066644060003046715,0.3390314156818562,0.23517868377672665,0.19167941109312095,0.0,0.0,0.0,-0.5501033985428175,0.25558297628662335,0.7628116574168273
2017-08-28,SIM,efd41fec7d9d24fd,0.4466628525892202,1,-0.8243799178432445,-0.5806286410964177,-0.17664553494363675,-0.3008496471219227,-0.4459285091689908,-0.468683702066591,0.17319130622824433,0.0,0.0,0.0,-0.2230928411205609,0.3540560226094037,0.4411579654896421
2017-08-30,SIM,efd41fec7d9d24fd,0.41217940910340234,1,0.0630891122638163,0.004188622009918264,-0.3320867190878151,0.16361582707198913,-0.8629207494840807,0.07460128725155472,0.01944358328750322,0.0,0.0,0.0,0.18463920012079157,-0.33012241187224445,0.5247274743037365
2017-09-01,SIM,efd41fec7d9d24fd,0.3957253615917397,0,-0.22393683204864062,-0.5261487237450099,0.23335011094038258,-0.48980879142968253,-0.25383107460695076,-0.8909846333389405,0.1851852954838392,0.0,0.0,0.0,0.10960137824041054,-0.1012925229555491,0.44592110139021424
2017-09-03,SIM,efd41fec7d9d24fd,0.40764206585589674,1,-0.18513470377890284,-0.5158036923548128,-0.039630710893251944,1.4453778005484987,-0.03210839194432041,-0.5613928083780297,0.10580248323301243,0.0,0.0,0.0,-0.2126303822081124,0.19323707737461854,0.7938710051863815
2017-09-05,SIM,efd41fec7d9d24fd,0.38261381510244963,0,-0.6077474720577162,-0.6432947714830939,0.31042780727821995,-0.06436366927462409,0.1542516985967723,-0.0017441717504899223,0.03916949411309678,0.0,0.0,0.0,-0.14032919311281278,-0.1689742774782464,0.8301562809305543
2017-09-07,SIM,efd41fec7d9d24fd,0.35077456308978977,0,-0.4794917636950393,-0.47609695483838826,0.26372913292339895,0.4287556923395917,-0.1642452959538972,-0.08198641293984245,0.19140705602221883,0.0,0.0,0.0,0.3078188809441574,0.2145866141441585,0.8878227717579076
2017-09-09,SIM,efd41fec7d9d24fd,0.3823388434661255,0,0.02118101139644002,-0.7830758110835813,-0.06164304269716982,-0.9601586112028573,0.05393438733747379,-0.16065672920950674,0.1623378096053576,0.0,0.0,0.0,0.2792633394970234,0.21662334748147688,0.8819746791653627
2017-09-11,SIM,efd41fec7d9d24fd,0.4181988344714129,1,-0.5652200814869955,-1.2384231504381298,-0.19567297528705935,-0.18338590899832355,0.2530797016911699,-0.12645344450965537,0.040848503909524506,0.0,0.0,0.0,-1.0147849094898271,-0.4598166788366728,0.7212834959435914
2017-09-13,SIM,efd41fec7d9d24fd,0.429194360246016,1,-0.43971937514796144,-0.20690269469480785,0.30959033255332374,0.2052040236341478,0.6178188619221163,0.48086177046840634,0.0618652651515492,0.0,0.0,0.0,0.08837639413236002,-0.03795658692785793,0.5700225695488761
2017-09-15,SIM,efd41fec7d9d24fd,0.4298341083035978,0,-0.6483998832503843,-0.8345240060472723,-0.02740979946581183,0.6111214977635168,-0.1889075866450753,0.1347993075186612,0.1313956797491834,0.0,0.0,0.0,0.21595613592339125,-0.05253139608441211,0.8774140127666684
2017-09-17,SIM,efd41fec7d9d24fd,0.38364360167764333,0,-0.030074771838178194,-0.14198781248550485,-1.2716143392666512,-0.625569029862559,-0.09011915372645461,-0.4971571343034022,0.16766880290978317,0.0,0.0,0.0,0.4797378027256173,0.05255877121623126,0.8256186788391982
2017-09-19,SIM,efd41fec7d9d24fd,0.40083532970066416,0,-0.09774655760866816,-0.5839857840844984,-0.00521760281410001,0.10191461558551755,1.1703001630623258,-0.14452564001248044,0.04645511539397269,0.0,0.0,0.0,0.6828037478413367,0.6510483826719801,0.9790315469652164
2017-09-21,SIM,efd41fec7d9d24fd,0.4367625908027264,1,-0.8506676488135809,-0.08018230311205526,0.9771231763000848,-0.26687294629052394,0.3881671665818602,0.995391774550449,0.07342841325720698,0.0,0.0,0.0,-0.42267477900992934,-0.3451100394371399,0.9179089592905494
2017-09-23,SIM,efd41fec7d9d24fd,0.44717277561675683,0,0.007509826946566656,-0.21205983197432293,0.43735709903910897,-0.4433523145893914,0.08601388350811566,-0.771832879769477,0.4090981173024265,0.4090981173024265,0.0,0.0,-0.9458711574679972,0.006936050208861996,0.7751477801404754
2017-09-25,SIM,efd41fec7d9d24fd,0.4778358136313378,1,0.5900510298397639,-0.2906016062417179,-0.40369473872107003,0.6401784321997706,0.39612930514794054,0.6193576668843778,0.05799354047595582,0.0,0.0,0.0,0.44231599823611223,-0.05055276648479315,0.9269128297910527
2017-09-27,SIM,efd41fec7d9d24fd,0.41503616300257523,0,-0.6083457257209132,-1.0661808355030464,-0.09466806451176815,0.16400259664497774,-0.6216124393063079,0.118436822405726,0.08851663681629918,0.0,0.0,0.0,0.026537676379590147,0.8800696074775829,0.6605997429609285
2017-09-29,SIM,efd41fec7d9d24fd,0.42945576540511987,0,-0.004256544722213762,-0.5766900232454206,0.4780999819845775,0.0058104643608309706,-0.47596964026454014,0.8063216583631932,0.10948083374703106,0.0,0.0,0.0,0.3866688225297737,-0.40449757745129966,0.8324109855973061
2017-10-01,SIM,efd41fec7d9d24fd,0.3888738145315563,1,0.3873815801129041,-0.552089581029497,-0.3695952267484398,0.12626686703999546,-0.6971141538716814,0.6347928124581721,0.16647097905623548,0.0,0.0,0.0,0.6738696877796605,-0.17869071842272186,0.797838936503591
2017-10-03,SIM,efd41fec7d9d24fd,0.3708739243439189,0,-0.3532112831116666,-0.006933142500329836,0.4374520700123042,2.0487066580214828,-0.267385218946105,-0.10739203395500391,0.08417249422814709,0.0,0.0,0.0,0.21247610723170338,0.04970216357131109,0.5196818135704722
2017-10-05,SIM,efd41fec7d9d24fd,0.39684803252267775,0,-0.9243641487725296,0.9413723258452709,-0.837547247559142,0.14505179514792407,0.345716606809194,0.3626358542752619,0.19079965789250186,0.0,0.0,0.0,-0.599079307209202,0.5822956656019337,0.6514440992674404
2017-10-07,SIM,efd41fec7d9d24fd,0.4106487120775277,0,-0.4616244477202413,-0.5094500202978676,-0.6221592990857011,0.5519787949303638,-0.5947801938073705,-0.4450426542573563,0.16565368251911605,0.0,0.0,0.0,0.04972322628130963,0.16054772690145017,0.7320925901160267
2017-10-09,SIM,efd41fec7d9d24fd,0.4235434250638202,0,-1.27314519411998,0.22113740187703163,-0.7508997571454585,-0.4784005661685552,-0.08830969813779704,-0.12365627643696142,0.09558307875521264,0.0,0.0,0.0,-0.43491333641022367,-0.3665086691848234,0.864574220448443
2017-10-11,SIM,efd41fec7d9d24fd,0.434047350413484,0,-2.505846916528384,-0.21935341133760636,1.2601869800676173,0.13393617502540042,-0.588388448895864,-0.5989400694199644,0.0703287337701473,0.0,0.0,0.0,0.34828634362851163,-0.36595242208269585,0.8810475890927869
2017-10-13,SIM,efd41fec7d9d24fd,0.4014893189121477,1,-0.36803609343707155,0.6765031662362344,0.70836625981189,0.4301225617648645,-0.7347117347245867,-0.61579559332783,0.8961469625855114,0.8961469625855114,0.0,0.0,-0.0640018051473531,-0.1388117328099063,0.5043483199364707
2017-10-15,SIM,efd41fec7d9d24fd,0.4107736218816546,0,-0.30740749862403194,-0.32470073254809945,0.09580828837915965,1.159744946259773,0.29360846116866124,-0.2610863295684956,0.14731370234255647,0.0,0.0,0.0,0.5346812997898295,-0.2627101588954569,0.6090043115687338
2017-10-17,SIM,efd41fec7d9d24fd,0.4059035176203727,0,-0.34544533200455063,0.40753866602259625,-0.4004555722785181,0.16490724875830232,0.25508836507977056,0.36900378711340764,0.05480997647798935,0.0,0.0,0.0,-0.5906576968822427,1.0914179039715741,0.841008743013882
2017-10-19,SIM,efd41fec7d9d24fd,0.4488936266709883,1,-0.05448774394372116,1.1473900423178691,0.022402748098150564,0.9507359074676671,0.9157971832558288,-0.17139360792958586,0.11260083116642466,0.0,0.0,0.0,-0.5711955427504383,0.30993825614508813,0.954878880751085
2017-10-21,SIM,efd41fec7d9d24fd,0.4626785784023838,0,-0.07321910285808106,0.4461689830133276,-0.9341697649872651,-0.058431812900336576,0.18498831111231426,0.14048931704093823,0.10559719007283422,0.0,0.0,0.0,0.927090790853818,-0.12037244934394428,0.5280507707089886
2017-10-23,SIM,efd41fec7d9d24fd,0.4809336629969666,1,0.014369167902641436,0.28607698087033606,-0.6783556222139122,0.8524394163703215,-0.7075134819602424,-0.18984030058750034,0.49942947955076267,0.49942947955076267,0.0,0.0,-0.24478764167694758,0.10207553615539901,0.9845825120872125
2017-10-25,SIM,efd41fec7d9d24fd,0.4415562828149291,1,0.3634837812112126,0.614650356921731,0.14397218490520514,-1.5505241510743373,0.5011200008939591,0.7906521183270708,0.12463371518978683,0.0,0.0,0.0,0.17752611214960692,0.208251773039528,0.6271322341049719
2017-10-27,SIM,efd41fec7d9d24fd,0.510394116634667,0,0.2793287376470961,0.09052640683109589,-0.7542414662164599,0.10669669669170626,-0.3584873863352002,-0.06335804524790375,0.07875122334145908,0.0,0.0,0.0,0.19535767404299156,0.7154977829267545,0.46769226845323064
2017-10-29,SIM,efd41fec7d9d24fd,0.5060309927157524,1,0.35015274765411264,0.24773159483334667,0.09146094377872065,-0.2800426651687257,0.7541767860242486,0.1769194810171476,0.1804838918254139,0.0,0.0,0.0,0.057075617581099844,-0.5930510502903913,0.9214443023740823
2017-10-31,SIM,efd41fec7d9d24fd,0.53855689975768,0,0.8623577655506576,0.6822870436019041,1.0824390578051368,0.2847624855502967,-0.37293024415937637,0.03343263292407919,0.12358775188148713,0.0,0.0,0.0,0.33933907961548343,0.0331047396086088,0.5836629061092916
2017-11-02,SIM,efd41fec7d9d24fd,0.5085460407134386,0,0.1619067593621713,0.5582288164775409,0.07092655961328653,-0.19932453164928826,-0.28450666640229916,-0.2070498084977652,0.10832180489940918,0.0,0.0,0.0,-0.06950048315483753,-0.7542575751194925,0.526736070514512
2017-11-04,SIM,efd41fec7d9d24fd,0.5160551857607405,1,1.073657070421039,-0.7136489148798089,-0.8199202426754648,0.40390489347928216,-0.5483661741351648,-0.22037762097947772,0.06174827852181766,0.0,0.0,0.0,0.24133752902465846,-0.33133743044160086,0.4294885695300512
2017-11-06,SIM,efd41fec7d9d24fd,0.5176123499138763,1,0.08327455542964429,0.7857034282551267,0.11586829293403819,0.17883030376638506,-0.2470696631368772,-0.6092803809720179,0.4397005296508134,0.4397005296508134,0.0,0.0,0.6586931273337601,0.6737431382624812,0.6686474964326743
2017-11-08,SIM,efd41fec7d9d24fd,0.49603712392241384,1,1.1913059569129487,-0.056750882614960085,0.22587587565776734,-0.19687214205333264,0.5091256031306136,-0.6845858401056699,0.19622191771716516,0.0,0.0,0.0,-0.9854493454485715,0.15287982417258625,0.9653812133213202
2017-11-10,SIM,efd41fec7d9d24fd,0.5170887971440328,0,-0.8985869176723575,0.630377889752606,0.4214907510606662,0.10088201347540984,-0.1835731994669126,-0.5711202434598283,0.06831535617031391,0.0,0.0,0.0,-0.10013842332403573,0.14310359885246748,0.9058479789532324
2017-11-12,SIM,efd41fec7d9d24fd,0.5322138462618078,1,-0.233565885226231,-0.035350344109335935,-0.29166760547841036,1.2800307896384235,-0.2839771245534845,-0.5423890960274578,0.11454470792589384,0.0,0.0,0.0,0.5853407231812483,-0.25459988910976344,0.9493982119186645
2017-11-14,SIM,efd41fec7d9d24fd,0.4359160182739346,1,0.39948745486210946,0.6471884620816322,0.11417286323621516,1.1164147876421655,-0.39675161560960986,-0.2905287930139813,0.1025796334428492,0.0,0.0,0.0,-0.3118563023569516,0.005014830532127552,0.5514854374047673
2017-11-16,SIM,efd41fec7d9d24fd,0.5199314836624106,1,0.22548638224826922,-0.07302681508147306,0.5966890167570895,0.3350890692006981,0.17006951054689795,0.3078140969022502,0.13804571042139763,0.0,0.0,0.0,-0.029924266073867344,0.2681097968576139,0.9381758096270207
2017-11-18,SIM,efd41fec7d9d24fd,0.5059132494177796,0,1.2966546466487694,-0.0783116852089179,-1.3860445741516678,0.02839067211777176,0.5438155759846685,-0.05413335742944638,0.14479190298016184,0.0,0.0,0.0,0.9905011922469612,-0.1597377121934859,0.8415301313326498
2017-11-20,SIM,efd41fec7d9d24fd,0.5743478756589845,1,0.02387962119583753,0.6876818536988412,-0.3020395766234054,0.33786845898552753,-0.5682764379585103,-0.13898860378520012,0.1609412116873129,0.0,0.0,0.0,0.41297798587146445,-0.019142340946373765,0.756159815083264
2017-11-22,SIM,efd41fec7d9d24fd,0.5205848083643538,1,0.8831352117774399,0.46588337590428375,0.09282577846970555,0.4285880899536667,0.24627491022465997,-0.07222126528271205,0.012515080175414873,0.0,0.0,0.0,0.8560528764103988,-0.7744862084190431,0.6626270594976884
2017-11-24,SIM,efd41fec7d9d24fd,0.4968030939557689,1,0.6324679902948909,0.1392052333583685,0.6039584527576045,0.3401029418865164,-0.35101905901521135,1.0356835138229037,0.9017049992998596,0.9017049992998596,0.0,0.0,0.17122433725503045,0.8148841267089255,0.6138927712089709
2017-11-26,SIM,efd41fec7d9d24fd,0.49928457828964423,1,1.577868064628361,1.339375599083517,-0.05194669989854322,-0.1460796068460753,0.7685287412698958,0.22464322381665866,0.13797383425302778,0.0,0.0,0.0,0.34647755349840725,-0.4342813526053855,0.870088211323257
2017-11-28,SIM,efd41fec7d9d24fd,0.47769811730407175,0,-0.6402134552247617,-0.520748896762799,0.1558720522054866,-0.18074899538312308,1.0302711276150132,0.37856521495430157,0.17845799263200512,0.0,0.0,0.0,0.2388435820829898,0.49996435083410284,0.4176695422694403
2017-11-30,SIM,efd41fec7d9d24fd,0.5109541409909261,1,0.45900471762802697,0.5792559652398968,-0.39924409093019303,-0.15398986375627619,-0.18394580122396267,-0.41467152878126917,0.16739793309914278,0.0,0.0,0.0,0.37827533441802197,1.1868579068357992,0.8806200456034149
2017-12-02,SIM,efd41fec7d9d24fd,0.46064342238231015,0,0.6574947085909278,0.4263041030689493,-0.3947142576832012,0.7048360392593279,-0.025092055372229482,-0.2432547787387785,0.10202457136495105,0.0,0.0,0.0,-0.6478790504580575,1.0884459279117669,0.8873206254797513
2017-12-04,SIM,efd41fec7d9d24fd,0.5328537889602104,1,-0.15901026343800234,-0.9301849746842947,0.03831128151428788,0.23233589275917046,-0.673140643229862,0.048665765998889915,0.08900804514239656,0.0,0.0,0.0,-0.8225523923579401,-0.19657637560390956,0.7686370974205541
2017-12-06,SIM,efd41fec7d9d24fd,0.4483291125467312,1,-0.09600067177133209,0.4286846357448653,-0.7687851549114791,0.034325660455859774,0.5321056170838251,0.5503523445820725,0.1925602133664479,0.0,0.0,0.0,0.19249067640781123,-0.5487105985463914,0.7517475539867123
2017-12-08,SIM,efd41fec7d9d24fd,0.5220029073904111,1,0.07435579122627234,0.33456309586851907,0.006767046408283688,0.12216301722815126,-0.10437148629205774,-0.1555591236112725,0.1257931065457566,0.0,0.0,0.0,-1.0564023776487785,-0.6689985702591538,0.741589325260938
2017-12-10,SIM,efd41fec7d9d24fd,0.47624811184022037,1,2.1915689114861743,0.45170170290848055,-0.10449611183013273,0.07959818867883955,0.7739146243207534,-1.221650105183397,0.09563579501512252,0.0,0.0,0.0,0.11954031368419117,-0.2287625383394127,0.9753998757397977
2017-12-12,SIM,efd41fec7d9d24fd,0.5065081201230079,1,0.03305850434549443,-0.5446368938604029,-0.33732742189395654,0.5564248594004134,0.020670905598354505,0.4836857965338611,0.06962771994744921,0.0,0.0,0.0,-0.4588560071978931,-0.6450422259499745,0.8876867983572145
2017-12-14,SIM,efd41fec7d9d24fd,0.4257804899327668,1,0.23998194638636294,-0.8705710095619078,0.18705305663881075,0.17313444107867465,-0.529487901756566,0.31306587191039187,0.06455725181826813,0.0,0.0,0.0,0.39121485524419036,0.44952169908502265,0.7223822178197533
2017-12-16,SIM,efd41fec7d9d24fd,0.491861619941387,1,-0.8008066599319821,-0.6443484252997314,1.424114405895062,-1.09443838048901,0.6243928503790903,-0.34539580271827924,0.1728223273350573,0.0,0.0,0.0,-0.2517082409217207,-0.4767372705500641,0.7632786328835519
2017-12-18,SIM,efd41fec7d9d24fd,0.43606551500109136,1,0.16680052587379507,0.15848388230578028,-0.23459375449415204,-0.02078780546123878,0.017207492619965063,0.39815532419590205,0.03651016308373678,0.0,0.0,0.0,-0.17267796752203554,-0.005270638846167198,0.8609971377425489
2017-12-20,SIM,efd41fec7d9d24fd,0.44954245513677454,1,0.2892190960707036,0.16933807911619927,-0.7877599339515744,-0.08912690892043475,0.49252331960608764,0.04921497045103031,0.19993981377143985,0.0,0.0,0.0,0.7936737158174176,0.8572729899739102,0.4878195712235602
2017-12-22,SIM,efd41fec7d9d24fd,0.47025096305921466,1,0.186272189801454,0.28708323926649626,0.39221926836639803,-0.5872411330912999,-0.2531141996446932,0.275543674644831,0.0962445588419239,0.0,0.0,0.0,0.018600175368037028,-0.5723344468953345,0.4072029946535193
2017-12-24,SIM,efd41fec7d9d24fd,0.4944041694241566,1,-0.521320127009554,1.5609688731655242,-0.6499865220611178,0.23621071106438912,0.14022874137473207,0.3766728925705584,0.19242455429410846,0.0,0.0,0.0,-0.394078651023105,-0.1983331136834449,0.7669079703083566
2017-12-26,SIM,efd41fec7d9d24fd,0.5190894545516902,1,0.6078894196369351,0.44677132037214273,0.5566141457142183,0.44685864025056254,0.2647567111975078,-0.6020222841293519,0.19751443923337428,0.0,0.0,0.0,-0.47141915207664725,-0.4889326010585759,0.4486479831810319
2017-12-28,SIM,efd41fec7d9d24fd,0.491213492903698,1,0.852425691475074,0.9515564469715769,0.3488990717748514,-0.2701271434682234,-0.0027839825894512673,-0.7457043239191052,0.055311716459043606,0.0,0.0,0.0,-0.2266635081338294,-0.10025079211843739,0.9520610003209676
2017-12-30,SIM,efd41fec7d9d24fd,0.5050948460626021,1,0.006621445452785091,1.334721742739237,0.27415877810979683,0.9523674701640653,-1.432944642128067,-0.08101500716021014,0.15859434914859064,0.0,0.0,0.0,0.11869395891882352,0.6355648436887289,0.995539698372799
2018-01-01,SIM,efd41fec7d9d24fd,0.49879035454280407,0,0.14346526624608602,-0.058041197982042436,-0.41751644815409455,-0.1453761879070896,0.343963721188992,0.35761720591776824,0.08731985878483606,0.0,0.0,0.0,0.3603357167816611,-0.601684569824588,0.44573101915981816
2018-01-03,SIM,efd41fec7d9d24fd,0.4876911599864428,1,-0.03049714042150914,-0.2753893754300064,0.11980502577608089,0.7287178802652376,-0.007325245318631148,-0.43443331649550015,0.0002762604031484317,0.0,0.0,0.0,0.6660015246905635,-0.5505876178006308,0.7463365529172437
2018-01-05,SIM,efd41fec7d9d24fd,0.4627671400934265,1,-0.8854414572578938,0.2531441460052245,-0.4739912927811275,0.9771208841943169,-0.698312927450777,0.011396373071805441,0.1399200671563747,0.0,0.0,0.0,-0.9436179763259092,0.49203961629400683,0.6221722698810379
2018-01-07,SIM,efd41fec7d9d24fd,0.4407162769279871,1,-0.12996100803369662,-0.1580388190599678,0.17964505542960207,-0.031868768639861406,0.5049802407006033,0.5814306098279035,0.10481080134799764,0.0,0.0,0.0,0.4050133919521751,0.46942016768812295,0.44280759935748604
2018-01-09,SIM,efd41fec7d9d24fd,0.4432671262194501,1,0.044137409742329936,-0.6871688078413469,1.2018511792385942,0.6668866853178163,1.0584971856986578,-0.6263984119453156,0.0532467151818665,0.0,0.0,0.0,0.48863277309313236,-0.30610645894570226,0.8573727621093461
2018-01-11,SIM,efd41fec7d9d24fd,0.41150200602845594,0,0.16611782055435165,0.033570309129199394,-0.6737892256490573,0.5622734058939556,-0.6555034099433109,0.02713819712961923,0.041709110137100304,0.0,0.0,0.0,0.36653166630102096,0.10711374841961391,0.9484846191686284
2018-01-13,SIM,efd41fec7d9d24fd,0.40917726514994496,0,0.4344905248442388,-0.9704924192863,0.7244186365125858,0.3610109868604282,0.46455093747361975,0.31348545348889584,0.08766882345191923,0.0,0.0,0.0,-9.582070966969058e-05,0.06419770935523807,0.8052876642003117
2018-01-15,SIM,efd41fec7d9d24fd,0.43834443164255205,1,-0.3009384673750501,0.057420661443358625,-0.6236295776907682,-0.0380542185393113,-0.06376151517969414,-1.1614634907457606,0.02636139269993314,0.0,0.0,0.0,0.08180832328210229,0.12308347042441,0.9921233917084529
2018-01-17,SIM,efd41fec7d9d24fd,0.469475604868467,0,0.4221897748115083,0.2591952527049013,0.17980692816175478,-0.27801124866670573,-0.11653722334070354,-0.023682337228503093,0.14421234070637778,0.0,0.0,0.0,0.3989604132183151,0.24302596701849363,0.6716170075767414
2018-01-19,SIM,efd41fec7d9d24fd,0.5018746605561084,1,-0.007949282302412708,-0.46914840769269167,0.5256661939786006,0.5017124017931495,-0.31885698167945886,-0.43191033208038215,0.14476416303863135,0.0,0.0,0.0,-0.28432144638912893,-0.006713927042908315,0.6091868148937528
2018-01-21,SIM,efd41fec7d9d24fd,0.4814156266368919,0,0.046722145056576986,0.9238100694956264,0.7120389509429677,-1.018753434685988,-0.0410370699906674,-0.28454341582626047,0.057035999432212714,0.0,0.0,0.0,0.051543326153124305,-0.43991180758831716,0.4163985800401885
2018-01-23,SIM,efd41fec7d9d24fd,0.4830873550363856,0,0.04158686889711945,0.7138204215336084,-0.490689442925835,0.636218839808121,0.5862053236044348,0.24398555914358275,0.5202143256771747,0.5202143256771747,0.0,0.0,0.11429706053566331,-0.11662788515775552,0.7804157636903402
2018-01-25,SIM,efd41fec7d9d24fd,0.48876723809594397,0,-0.11549540835493688,0.5127391457281567,0.5999534661748597,-0.176835497122132,-0.3410276178706833,-0.08296306573467967,0.048909606117066476,0.0,0.0,0.0,0.07072070787406323,0.11408587608984384,0.8161635326086145
2018-01-27,SIM,efd41fec7d9d24fd,0.4600900222882351,1,0.884405097038351,-0.30702357612790776,0.044797199914742555,0.35347861617027804,0.6818176947383722,-0.6349879592076594,0.17078071558870472,0.0,0.0,0.0,0.18276237947851687,0.9355759334947077,0.5886700627760403
2018-01-29,SIM,efd41fec7d9d24fd,0.45954635187123055,0,-0.5702296568562475,0.8238695376364399,0.5064564848709776,-0.11925265879318148,0.21624484913679834,-0.9181915292366408,0.14071456058934753,0.0,0.0,0.0,0.0300734640931342,0.14922384185730458,0.6625305302750801
2018-01-31,SIM,efd41fec7d9d24fd,0.4880394114025395,1,0.011436989930114633,-0.3001795246478959,0.24577899672402748,0.3720507175654427,-0.5472311712172317,0.5364325233874347,0.05908562723781892,0.0,0.0,0.0,0.6776172900559386,0.779877430579132,0.9235845643570998
2018-02-02,SIM,efd41fec7d9d24fd,0.44240653636523686,0,-0.6281593305835941,0.2145014438928231,0.4719474634224961,0.17785851352466814,0.17003567477458537,1.0390348980303172,0.10463242920424135,0.0,0.0,0.0,-1.3326429962676407,0.0809098650186121,0.7180370586183258
2018-02-04,SIM,efd41fec7d9d24fd,0.44819558771226964,1,-0.1348371000869497,-1.182421882992944,-1.0154357232491127,-0.9736418864249086,0.8695513802474285,-0.08638125840611609,0.04621135195378415,0.0,0.0,0.0,-0.29540348812911327,-0.9480185513195571,0.5871884164758387
2018-02-06,SIM,efd41fec7d9d24fd,0.45917068023284635,1,0.7914019875428135,0.13521358824909835,-0.80378183818095,0.3446466034984116,-0.3169671442657282,0.9881863152682796,0.730133647046626,0.0,0.730133647046626,0.0,0.2683045511821373,0.14462068007013587,0.6580428610115465
2018-02-08,SIM,efd41fec7d9d24fd,0.4815162104739661,1,-0.19844157857848674,0.616336025646214,-0.4268152545391538,0.2701114223478814,-0.03260845324988826,-0.43605551890333816,0.19291296249764803,0.0,0.0,0.0,-0.4921562196456934,1.400088796301509,0.47394480331197575
2018-02-10,SIM,efd41fec7d9d24fd,0.45022456181635656,1,-0.12943464060321133,-0.8211493274617823,-0.892494652906082,0.042448210825550975,-0.0956156406770492,-0.16998547646647197,0.08740272311834613,0.0,0.0,0.0,-0.017486641053390168,0.9444869223352318,0.9729932873213094
2018-02-12,SIM,efd41fec7d9d24fd,0.47663254011030887,1,-0.15109035246767522,0.168786225069053,-0.10527614070740873,0.4706255693077238,0.18162975079302798,0.2531523790080748,0.16763292277691583,0.0,0.0,0.0,-0.16900168366053456,-0.00890223058487651,0.5919719845169357
2018-02-14,SIM,efd41fec7d9d24fd,0.47469014682337707,0,-0.05540211997241057,-0.38925492071690027,-0.2070771373653604,1.0706268201147386,0.08765610957387444,0.3460776509378894,0.1502827012370278,0.0,0.0,0.0,-0.4778255822801985,0.5011144360613378,0.8413878473594733
2018-02-16,SIM,efd41fec7d9d24fd,0.43416463019440177,0,0.3549200090609651,-0.5079573954551306,0.41366043257249185,0.1493398565338916,-0.16564770285998426,0.6265542428269286,0.05111461128605386,0.0,0.0,0.0,-0.6512497750591303,1.364512903095376,0.5970371406739148
2018-02-18,SIM,efd41fec7d9d24fd,0.44527172527868103,0,-0.0811568431883388,-0.3700138689981468,0.1467385449046433,0.521844112542945,0.4261277385829517,0.13747159840730375,0.15521210290402057,0.0,0.0,0.0,0.5732398214842113,-1.2136688618669518,0.725329747819043
2018-02-20,SIM,efd41fec7d9d24fd,0.45704455612295414,1,-0.3130237282623255,-0.43007957642687766,0.14908432927433005,0.3282246562480471,-0.08332905355465896,-0.20345279010176495,0.021313097626789148,0.0,0.0,0.0,0.5438357913967411,0.3162861198762496,0.8448965498192602
2018-02-22,SIM,efd41fec7d9d24fd,0.43198735037513253,1,0.05933731291890032,0.34252141113352896,1.1846730257365996,0.7285016612038094,0.45153647199673014,-0.12331206386684833,0.05353080389591691,0.0,0.0,0.0,-0.4437383280737574,-0.9495306757696084,0.8843064128921854
2018-02-24,SIM,efd41fec7d9d24fd,0.4161497571794715,0,-0.14774232109535315,-1.0844761136499645,0.6082662965267868,-0.653049783300146,0.24013408806825864,0.7564854611333092,0.10019702715390222,0.0,0.0,0.0,-0.15497015826226118,-0.5080945011693829,0.7994309859707349
2018-02-26,SIM,efd41fec7d9d24fd,0.3859783385927593,0,-0.5739593913610526,-0.4528990119649733,0.5422163198214907,0.5098103922447546,0.301452324620627,-0.5755373730880284,0.11542802948711878,0.0,0.0,0.0,-0.5830380200415217,1.1119169331009655,0.6058917396755046
2018-02-28,SIM,efd41fec7d9d24fd,0.44248281348815166,1,-0.32235349392720714,-0.038642641277288836,-0.3279370787452896,-0.9809000501576878,0.76282154487438,-0.5302120029530368,0.022342778174222613,0.0,0.0,0.0,0.41613307275221223,-1.1082839638103774,0.7714869484030973
2018-03-02,SIM,efd41fec7d9d24fd,0.4094420634549407,1,-0.31257388823507815,-0.08740371820548254,-0.12432920144856204,0.6649025730064366,0.8219419315515915,0.5696330221462439,0.06973369633379782,0.0,0.0,0.0,-0.42106293502039016,-0.32795004427916014,0.6909835949880461
2018-03-04,SIM,efd41fec7d9d24fd,0.4629420505116559,1,0.9917537993756091,0.3668715250740744,0.4998999021350199,0.1430803214379053,0.04337136009453005,0.2817876155231257,0.1553317330871075,0.0,0.0,0.0,0.5474807164369245,-0.24673119536512766,0.9193099846699155
2018-03-06,SIM,efd41fec7d9d24fd,0.4976208883195196,1,0.48687492864798965,0.6506488523545693,0.25468654796959284,0.9312145525047891,0.021807175706959774,-0.13284066760692895,0.06195045743435521,0.0,0.0,0.0,0.6486107552761528,-0.2820615159071584,0.6865632239615307
2018-03-08,SIM,efd41fec7d9d24fd,0.45600389443447026,0,-0.1612759206488411,0.6075747861304531,0.24850419808076776,-0.36546270496243005,0.2688597153786522,-0.2437581561110721,0.06067237152974406,0.0,0.0,0.0,0.5340607694788879,-0.14201512236485797,0.6596250386016997
2018-03-10,SIM,efd41fec7d9d24fd,0.44705491873095116,1,-0.5717374013907874,0.3803846354453701,0.8247064637710787,-0.012300515397186145,0.521030027288254,0.7676620001551581,0.020617294468131764,0.0,0.0,0.0,-0.6563700009540764,0.5241579280482742,0.6808400345670949
2018-03-12,SIM,efd41fec7d9d24fd,0.4398581218157784,0,-0.34268178066858257,0.03100088244677701,-0.2551014374069084,-0.11739621226794396,-0.6925577250458902,-0.10129480506550297,0.10283026655699586,0.0,0.0,0.0,-0.05925635931377048,-0.025831660353780934,0.9223507693578308
2018-03-14,SIM,efd41fec7d9d24fd,0.3825073455670228,0,-1.353915378225727,-0.7029645079583513,-0.5438532292660244,-0.2455846244824093,-0.42189078650354706,0.3434625437879948,0.045535547906372514,0.0,0.0,0.0,0.11876258415319157,0.16786117285388114,0.8843607251869215
2018-03-16,SIM,efd41fec7d9d24fd,0.40627911588457927,0,-0.4320745515030492,-1.2155924785352252,0.3651437627265972,-0.1496475785893009,0.9460186087816379,-0.34514825195090276,0.18065672457617338,0.0,0.0,0.0,0.6359484515892684,0.3881632662338078,0.6527622790831433
2018-03-18,SIM,efd41fec7d9d24fd,0.39839863954767957,0,-0.5547274421822237,-0.3695545573290059,0.12388285446204973,-0.056322455602698586,-0.18386086465257886,0.0685747274770941,0.5840098840864999,0.5840098840864999,0.0,0.0,-0.7972168801654892,-0.058039102469586296,0.9619492361034723
2018-03-20,SIM,efd41fec7d9d24fd,0.442911113000742,1,-0.8582610625909585,0.9007344765814247,-0.5567559791985347,0.3764872237746666,-0.5520805786331306,0.20395017664809334,0.5857113524454902,0.5857113524454902,0.0,0.0,0.51458155258019,-0.32001978270921966,0.8283716832713073
2018-03-22,SIM,efd41fec7d9d24fd,0.4140186949318941,0,-1.0368023508847841,-0.9342755037442501,-0.8482622846730239,0.3564370453711287,0.4316765917482886,-0.1662384423087561,0.018946962127992163,0.0,0.0,0.0,-0.3488433679680021,-0.1592341010769911,0.9612065893804432
2018-03-24,SIM,efd41fec7d9d24fd,0.45232960469973627,1,-0.02062007189010695,-0.6403294903896443,-0.6101007214933274,0.16661439296144262,-0.30017376206068885,-0.2656660057323664,0.1692176781448191,0.0,0.0,0.0,-0.04832889067185665,0.07042406882997573,0.8506255636390725
2018-03-26,SIM,efd41fec7d9d24fd,0.4649959311788072,0,-0.15049231940010455,-0.14177330142454628,0.28215524296970834,0.4352834771935032,0.17020819821291353,0.16850991535370607,0.14761733001050734,0.0,0.0,0.0,-0.04704501798673543,0.35047698256147036,0.45025113503048714
2018-03-28,SIM,efd41fec7d9d24fd,0.42015647658248334,0,-0.7577959497405681,-0.3095657595457286,0.059885997634979246,-1.3925631565563532,0.3022992301170823,-1.007742942780231,0.07762845945625224,0.0,0.0,0.0,-0.4253944790702231,0.24578940062056226,0.4347474795403066
2018-03-30,SIM,efd41fec7d9d24fd,0.4142941079006049,0,0.13631529132907794,-1.7022439074795603,0.220121296716893,-0.8235865723334544,0.7092507446422718,0.953843114971385,0.056249077511964354,0.0,0.0,0.0,1.1249835574914104,0.19998418812651253,0.9485809315116932
2018-04-01,SIM,efd41fec7d9d24fd,0.46715740834801267,0,-1.271073537256498,-0.2100615374934252,0.13037328724375058,-0.1907547400507957,-0.0050359974278580836,0.19220476057012864,0.13693724346743563,0.0,0.0,0.0,0.9207884227620847,0.33138869860488435,0.7622417897992808
2018-04-03,SIM,efd41fec7d9d24fd,0.4754431576592484,1,-0.5950400131053776,0.874414769931172,-0.1795212441353383,0.1793674728083394,0.1214047496067892,-0.10798715505376641,0.8498911280683765,0.8498911280683765,0.0,0.0,-0.5154974032685551,0.5656566072622586,0.6880362187017413
2018-04-05,SIM,efd41fec7d9d24fd,0.4640480001726373,0,-0.6953347819703662,0.5090875957002979,0.0023989274768654078,-0.30564041940975073,-0.21831813771176378,0.17823211737390504,0.19169038863619164,0.0,0.0,0.0,-0.0040485017477339055,-0.827864703747345,0.4586692066723415
2018-04-07,SIM,efd41fec7d9d24fd,0.5285650198281039,1,1.1113661117959035,0.34697942554416666,-0.5442712396884207,0.8726327154825292,-1.8492588590710302,-0.8854311688295454,0.1886323727907827,0.0,0.0,0.0,0.4862210776016035,0.5983132697990515,0.7901034852317472
2018-04-09,SIM,efd41fec7d9d24fd,0.5031374493538192,1,0.9979174464095091,0.8080027872826777,-0.47935204566546985,-0.003908639172479749,0.0332498778069327,-0.951381231939662,0.1570404818006912,0.0,0.0,0.0,0.7302905847725367,0.8347724202937927,0.8133617394258014
2018-04-11,SIM,efd41fec7d9d24fd,0.4849178126374362,0,-0.22885490309455836,-0.2781997235851862,0.10750760630732199,0.15102575309614405,-1.058570761447408,-0.20421806061161815,0.037996558556680694,0.0,0.0,0.0,-0.15652128627970638,-0.3362221893401343,0.4152141399256131
2018-04-13,SIM,efd41fec7d9d24fd,0.44931037771681026,1,0.33177279417197914,0.7204727724764312,0.18017559421541995,0.9232801786823424,-0.03446928204755398,-0.35615743428677255,0.15610082650247226,0.0,0.0,0.0,0.8160578321292423,0.3947936367916165,0.7470713258271676
2018-04-15,SIM,efd41fec7d9d24fd,0.47105201016644427,1,0.36580504363938615,-0.5979799607717899,-0.21855561197361292,0.6423646722471057,0.6437467553816143,-0.8898231751627849,0.1422977533077351,0.0,0.0,0.0,0.6472984279170476,-0.9079297021950937,0.708636283874067
2018-04-17,SIM,efd41fec7d9d24fd,0.49609124183580217,1,0.475653616214139,-0.09788316343843026,0.18400603063843543,-0.13755731324292106,-0.8544841721582833,-0.15099322542216526,0.1610960056021206,0.0,0.0,0.0,0.1311975009349695,-0.13983900470395594,0.6924725243777955
2018-04-19,SIM,efd41fec7d9d24fd,0.5068411007247796,1,0.2717513787985587,0.5154268380750677,-0.22284422668512732,-0.02202932862313616,-0.032335444256189005,0.3109553438037572,0.18597202203918375,0.0,0.0,0.0,-0.2528287145798898,0.24478211571007905,0.8531320705805856
2018-04-21,SIM,efd41fec7d9d24fd,0.46397698027708395,1,0.5707774342995194,0.3500198195770877,0.3062434284537244,-0.6335067667189359,0.3596985593882398,-0.3968332468828193,0.0023289931421936806,0.0,0.0,0.0,0.3779903239170598,0.6326876902814763,0.792719874441409
2018-04-23,SIM,efd41fec7d9d24fd,0.47846321219752297,0,0.6248304738196406,-0.14098408469524745,-1.4654337490281382,-0.8227022264330109,0.005883439951193419,0.16948830608489462,0.007750809567771033,0.0,0.0,0.0,0.7452481104019459,0.6380565885028906,0.43451864932051554
2018-04-25,SIM,efd41fec7d9d24fd,0.508856533362831,1,0.2552437491640369,0.739130530170412,0.5736026838714594,-0.02496305790752402,-0.45649115529262707,-0.1389926127771953,0.13527586569119565,0.0,0.0,0.0,0.9412263726361544,0.0974715862220212,0.7271569016906241
2018-04-27,SIM,efd41fec7d9d24fd,0.46439446539129453,1,-0.05637983490689273,-0.48104534532092214,-0.11629232442818098,-0.2696627223831466,-0.34495121179201876,0.5130629899582845,0.08225688628229716,0.0,0.0,0.0,0.6687131030955713,0.5523940070524064,0.5462615487681173
2018-04-29,SIM,efd41fec7d9d24fd,0.4582671506860464,0,-0.15829496577176105,0.021659996119810176,1.074956505439521,0.27867629892753065,-0.17262634134572244,0.6837901701336463,0.0012011678289873152,0.0,0.0,0.0,-0.37492797964469265,0.8942372366680559,0.8313823582098745
2018-05-01,SIM,efd41fec7d9d24fd,0.4643670638972122,1,0.20692581078589378,0.28073795290184855,0.3207553851588571,-0.35043392030666587,-0.1718976811056152,0.684334566202286,0.06540574340080534,0.0,0.0,0.0,-1.1821023696037043,-0.7753143546784411,0.7249388166569399
2018-05-03,SIM,efd41fec7d9d24fd,0.44720382951384074,1,0.17478529056192743,-0.9905019810727904,0.36014544246486413,-0.6623278409815795,0.30951562009929334,0.14091029441347305,0.0816735562327293,0.0,0.0,0.0,0.26575798444501636,0.2745443441838801,0.8311016043169392
2018-05-05,SIM,efd41fec7d9d24fd,0.4903991952492148,0,-0.73449916292365,-0.6060611944432134,-0.2369127613605818,0.8779448830957435,0.2845028467445541,-0.00237995021360564,0.14849222266231504,0.0,0.0,0.0,0.1283171054222907,-0.28048439358493893,0.5887274960227358
2018-05-07,SIM,efd41fec7d9d24fd,0.5045843182390493,0,-0.5524299904500619,0.33437462490486064,0.18340621715981106,0.031337186277311795,-1.2863976412491467,-0.11006236231855811,0.09592428969412879,0.0,0.0,0.0,-0.673552981009095,0.3164597404679252,0.6002371769269551
2018-05-09,SIM,efd41fec7d9d24fd,0.5166368670290257,0,0.09600875180452323,-0.5329744369161777,-0.8743805741346947,-0.3078549352412443,-1.0083338488504094,0.8061439281693428,0.07428654654766913,0.0,0.0,0.0,-0.5335372866995207,-0.05158446172824654,0.5811172265498857
2018-05-11,SIM,efd41fec7d9d24fd,0.452757501311161,0,-1.3361304056370686,-0.7537465621124382,0.40163786418337993,-0.1523758915290678,-0.831757370699617,0.24911518880892633,0.07562870546894321,0.0,0.0,0.0,0.5009489747774692,-0.2697287410340621,0.8843611752923513
2018-05-13,SIM,efd41fec7d9d24fd,0.4600097063470167,0,-0.570494321756032,0.19334076787058113,-0.09872789756184772,0.37100592151227774,-0.6442862196429708,0.34506064776912165,0.08730740679362135,0.0,0.0,0.0,0.54511625597998,0.16132505019581259,0.5418580543953526
2018-05-15,SIM,efd41fec7d9d24fd,0.48996652616519853,0,0.9495771459693165,-0.8844414429577309,0.1770566893071262,0.1224987080861257,-0.451874133440691,0.7026653742599769,0.017140272378211165,0.0,0.0,0.0,0.7632875551659475,0.04453180107058909,0.9749371276334856
2018-05-17,SIM,efd41fec7d9d24fd,0.4752438949695057,0,-1.0601090612389588,-0.8603937911450454,-0.6879201235422107,0.040431868558728004,0.7677264127042642,0.3756431019491434,0.11016325037329491,0.0,0.0,0.0,0.11093343727303351,0.6407455877282784,0.8674139739403983
2018-05-19,SIM,efd41fec7d9d24fd,0.45346092610875055,1,-0.713087891488104,-0.13289047159827888,0.6408212203991849,0.5064076124135042,0.5685487288568432,-1.0359576059151394,0.07289749415834734,0.0,0.0,0.0,-0.1957147197430895,0.8829959377971366,0.7991766879732252
2018-05-21,SIM,efd41fec7d9d24fd,0.4797074362050643,0,-0.19467631638185573,0.3359122292775513,0.4451988676836773,-1.4106737470499706,0.37803738748194315,-0.4259208340698435,0.44107006232293555,0.0,0.44107006232293555,0.0,-0.3635272952213045,0.3737354893039056,0.8120822228751672
2018-05-23,SIM,efd41fec7d9d24fd,0.4828336525421543,1,0.6334229018142141,-0.23573267670127784,-0.5555702728849974,0.3248035069804105,-0.11805429729370792,0.08737867270953414,0.16814464812370117,0.0,0.0,0.0,0.029980081435294396,-0.578415599421785,0.7682581172611878
2018-05-25,SIM,efd41fec7d9d24fd,0.5398365979234697,0,-0.406071637094085,0.08746708756218824,-0.0836255468276396,0.3041861615492063,-0.1285143572579512,0.03179113882395353,0.9150213757750951,0.9150213757750951,0.0,0.0,-0.24940473741843275,-0.42362248870334407,0.7488831775832605
2018-05-27,SIM,efd41fec7d9d24fd,0.5609594489511667,0,0.7966617708545469,-0.08615536913043816,-0.06502818552220542,0.18332162110998473,-0.03793103796122928,0.6334084764353427,0.16021773022803273,0.0,0.0,0.0,0.01853093767959097,0.06368426806508236,0.8766708607967946
2018-05-29,SIM,efd41fec7d9d24fd,0.5608330361301915,1,0.5355649469137038,0.9860921992357718,-0.29600377114263837,-0.13338845988961126,0.04556396390516009,0.414120102818413,0.0021091984928592877,0.0,0.0,0.0,0.16848166437473228,-0.1485815254442425,0.7079939190388083
2018-05-31,SIM,efd41fec7d9d24fd,0.5715904680388213,1,-0.12314147099574368,1.3786391207429618,-0.7624126062232731,-0.25638384897873373,0.28754259624990264,0.01644621260608279,0.1449179593243413,0.0,0.0,0.0,-0.8699990019624779,0.3177410517951239,0.9105952057993756
2018-06-02,SIM,efd41fec7d9d24fd,0.5570022775470109,0,0.8164118185053493,1.361189877771373,-0.18140114529845572,-0.2700578802834209,-0.09578250175562769,0.5523289168064368,0.10972785234200022,0.0,0.0,0.0,-0.5025924759119648,-0.7971624014870587,0.7326691217053962
2018-06-04,SIM,efd41fec7d9d24fd,0.5311870561208782,1,-0.2324284758220525,0.6822093058484107,0.8719961967360835,-0.2523022937879841,0.3237126200426855,-0.22264430143239278,0.03719889261152622,0.0,0.0,0.0,0.641874467437033,0.19789284155321893,0.6448546899082614
2018-06-06,SIM,efd41fec7d9d24fd,0.49472581155334133,1,-0.03211660182163725,0.053668506481050156,-0.15179267266244303,0.23942384545074,-0.7904526859420876,-0.41473074104171903,0.0033374357382588873,0.0,0.0,0.0,-0.40235380561033707,0.4481454981642896,0.7200566921667073
2018-06-08,SIM,efd41fec7d9d24fd,0.5162980235149153,1,0.4988480985621764,-0.26978018580360896,0.1731695501237391,0.4980015085738437,-0.46998690373170354,0.3543521893732216,0.16508270021382446,0.0,0.0,0.0,0.035382825620122946,-0.8040300875103136,0.812432536706093
2018-06-10,SIM,efd41fec7d9d24fd,0.5360559995361457,0,0.465986827866702,1.0877116789974952,-0.7109741265799165,-0.4615763828779135,0.8743006438915704,0.36549612042866814,0.19080954473631728,0.0,0.0,0.0,-0.06188671617204899,0.15461066123581182,0.4680644316549512
2018-06-12,SIM,efd41fec7d9d24fd,0.5283538212706127,1,0.34702496736749056,-0.517251099213474,0.0022979352214935016,-0.5795881966160177,-0.8850421131358222,-0.11215976632855522,0.1695587175021168,0.0,0.0,0.0,-1.0374225474062495,-0.19457429721597094,0.8986281433512158
2018-06-14,SIM,efd41fec7d9d24fd,0.512216341580472,1,0.6680281496359789,-0.3862610285494986,-0.4905573839373579,0.49265632428071615,-0.2603758346698784,-0.032611956967537985,0.6632390670348893,0.0,0.6632390670348893,0.0,0.38093253161928115,0.0591464348347159,0.4496125454071267
2018-06-16,SIM,efd41fec7d9d24fd,0.524455046254034,1,-0.3011699834525813,0.9271772733419424,-0.4362341688774334,0.1445904922636332,-0.017458725924760332,0.010241667960993657,0.08010674637132367,0.0,0.0,0.0,-0.4279260403573271,-0.09998202049445301,0.9506055803788949
2018-06-18,SIM,efd41fec7d9d24fd,0.5156936551864418,0,-0.02527285975173319,0.3903776024801656,-1.6778798707019094,-0.16471629989088538,-0.5336583862206019,-0.49092444049308254,0.0778184970754772,0.0,0.0,0.0,0.4782235926580262,0.4347486629431425,0.6031774327169889
2018-06-20,SIM,efd41fec7d9d24fd,0.4580196998052484,1,-0.46200758913277484,-0.5550703304919724,0.09083100896263635,0.5338982993023462,0.3937795285995234,-0.17293500476104537,0.09225017981288236,0.0,0.0,0.0,0.638516527184296,0.48395151242530704,0.6743001276203
2018-06-22,SIM,efd41fec7d9d24fd,0.40743371778196785,0,-1.2334750295143233,-0.7789496699623106,-0.5833624966999221,-0.03203310559011291,-0.2564474791292254,0.46668100391036893,0.07125581300422444,0.0,0.0,0.0,1.0034280492675227,-0.3059056282522966,0.7693265251342184
2018-06-24,SIM,efd41fec7d9d24fd,0.45088504226032394,0,-1.5716820666958533,-0.37447354551919976,0.4379584504616192,-0.09773223251433605,0.04415501632278242,-0.40461064910352484,0.07942418098302413,0.0,0.0,0.0,0.981111479960805,-0.40254262501378885,0.8588666054366862
2018-06-26,SIM,efd41fec7d9d24fd,0.44150410053768474,1,-1.0181435935056253,0.14884796540161555,-0.6271869265117807,-0.8439716546339114,-0.13823007841572715,-0.5104348851259154,0.07403743449144203,0.0,0.0,0.0,-0.8802918104932829,0.8999122695785776,0.5993784779842172
2018-06-28,SIM,efd41fec7d9d24fd,0.42208882624949334,0,-0.20494097951259205,-0.7864994302686024,-0.12555842228861733,1.8529028966142078,0.9738927013476272,-0.14304611300340309,0.10809209037838062,0.0,0.0,0.0,1.0275302478305686,1.1035402430675552,0.9780240053213427
2018-06-30,SIM,efd41fec7d9d24fd,0.42878727150040635,0,-0.5654086293734825,0.06653609133493033,-0.5725194500366524,-0.0018485595437903225,0.3345608546795483,-0.6087038897326437,0.12497872594520985,0.0,0.0,0.0,0.1633916507755081,0.7633122144057074,0.4315569097643469
2018-07-02,SIM,efd41fec7d9d24fd,0.44905734764489974,0,-0.5698896144317255,-0.2674080442847848,-0.7102793808932579,-0.017429602212757554,0.7474285434649597,0.697703048798589,0.018373625743990176,0.0,0.0,0.0,-1.576790498952278,-0.02163090039048698,0.6272408887925571
2018-07-04,SIM,efd41fec7d9d24fd,0.46390663496700013,0,-0.24353578715123997,-1.0788273831914237,0.9747593530118024,0.11631682273487236,0.06626189788249187,-0.35254206525493004,0.11906075749161132,0.0,0.0,0.0,0.19675465836060993,-0.9115642832736228,0.6342425285974402
2018-07-06,SIM,efd41fec7d9d24fd,0.45156763189559196,1,-0.9088064771427603,-0.535378499911065,0.033851131766282974,-0.3410057726036864,0.3200939530524462,0.24364941584886565,0.16419936851876019,0.0,0.0,0.0,0.02484836168675432,-0.8261395059692682,0.5428954916620016
2018-07-08,SIM,efd41fec7d9d24fd,0.4443826822374648,0,-1.0690199305643528,-0.3483277577576303,-0.048121951928503603,-0.3949391647688997,-0.29716914882267387,0.25433817946978426,0.0421513682044969,0.0,0.0,0.0,0.3603122349494554,0.792387042094486,0.9590870605980872
2018-07-10,SIM,efd41fec7d9d24fd,0.46693642977322447,0,-1.1376700450080885,-0.5062729060862916,0.11721052152697407,-0.33982106466310774,0.4090338644905152,-0.10326939903476068,0.12177031657013965,0.0,0.0,0.0,0.13933430897713875,0.09586828285218088,0.8422636802887249
2018-07-12,SIM,efd41fec7d9d24fd,0.49525188209780574,0,-0.5521660403219024,-0.6460526198685579,-0.4886345442034515,-0.4868253631973155,0.4554849950420065,-0.10531866400563207,0.16017677470169212,0.0,0.0,0.0,-0.13400491847149462,0.022880460573157978,0.7504400722426778
2018-07-14,SIM,efd41fec7d9d24fd,0.5283236417520826,0,-0.42882252083202543,0.18854748119886308,-0.9018249431875065,-0.5608371272177589,0.2437241260579247,-0.4010120214041274,0.14532915855951742,0.0,0.0,0.0,-0.5749725289239372,-0.648505355936826,0.6151395525143906
2018-07-16,SIM,efd41fec7d9d24fd,0.4844033711197022,1,-0.32445942855816357,0.5327676286380906,-0.429783413835447,1.3814811116632597,-0.18239052015959029,0.2787806083448117,0.004092205667694549,0.0,0.0,0.0,0.47223982943709425,-0.05056004599528525,0.6102558186002279
2018-07-18,SIM,efd41fec7d9d24fd,0.48599491606483536,0,0.656579446579987,-0.9581274420732427,-0.5404237030036249,-0.6405071993455889,0.34425150104515917,0.38010452805465467,0.19254269515639835,0.0,0.0,0.0,0.3302189513273873,0.2986869776225189,0.7179544668393936
2018-07-20,SIM,efd41fec7d9d24fd,0.47031154080454507,0,-0.7568254846423119,0.21385650850866,1.4225219660719262,0.4608601828467129,-0.7027249761904362,-0.1582460499815579,0.9538100292234917,0.0,0.9538100292234917,0.0,0.02523609636912327,1.459610590371349,0.6596091724959715
2018-07-22,SIM,efd41fec7d9d24fd,0.46501314088465434,0,-0.5612515669182593,-0.9882261176211276,-0.5377478909254538,-0.12235416608837058,-0.8877003409828487,0.5316439104828397,0.047648584049624756,0.0,0.0,0.0,0.15315108699391491,-0.5415658712247232,0.46619147265791405
2018-07-24,SIM,efd41fec7d9d24fd,0.486160969419179,1,-0.09346272126518396,-0.5999716101220688,0.1339061962178011,0.33018695697512485,0.5498416441547697,-0.46383504966325456,0.14420501988790244,0.0,0.0,0.0,0.329491310913112,0.2398644036237794,0.4065568720754557
2018-07-26,SIM,efd41fec7d9d24fd,0.46216149084056657,1,0.0926514755527737,-0.4735134590382657,-0.6034923076285184,-0.6272054900956369,-0.08921387984262495,-0.26257256942050655,0.18768393280049078,0.0,0.0,0.0,0.2151934898930191,0.005427984276162461,0.7745131773705665
2018-07-28,SIM,efd41fec7d9d24fd,0.5415875940420147,0,0.6796099026176,-0.2984047001150161,0.3649718127047543,-0.19035733675455227,-0.2037383321245887,0.659603162869499,0.1295660220442871,0.0,0.0,0.0,-0.2065523142143836,-0.0836013605725305,0.9606169028229562
2018-07-30,SIM,efd41fec7d9d24fd,0.49978594847389995,0,0.08556618637550004,0.8074224944111139,0.3343966687683826,0.18339676333176272,0.6554496100860737,0.5610810217950055,0.08662875443254406,0.0,0.0,0.0,-0.14845722451187815,-0.12151379079195739,0.983380334060254
2018-08-01,SIM,efd41fec7d9d24fd,0.48553943464129856,1,0.5209825749028473,-0.3483308717830879,-0.6508590147105275,-0.11264479690411187,0.2410389520660349,0.21686582654877676,0.19356090106181525,0.0,0.0,0.0,0.04396835181576446,0.49935442095176913,0.47399917585630447
2018-08-03,SIM,efd41fec7d9d24fd,0.5383275811039228,0,0.2264475674455089,1.0941745586387104,-0.6234872346917882,1.382823528443151,0.8491464226301911,0.28447506620322777,0.11067226503282053,0.0,0.0,0.0,0.19402870041213713,0.5079956028073433,0.9753466422242744
2018-08-05,SIM,efd41fec7d9d24fd,0.5222347278269245,1,0.1418034498175107,0.29608343583946073,0.6229918540677949,-0.022079746144949067,-0.03708464202468623,-0.14915273693059164,0.04510561310208712,0.0,0.0,0.0,1.156261962482337,-0.9984324015295802,0.6322094657187775
2018-08-07,SIM,efd41fec7d9d24fd,0.5430885420335411,1,0.3288015569863426,0.8052699602617764,0.5338629745608863,1.043280166490402,0.5983707418372491,-0.08185101027760104,0.028072524971565163,0.0,0.0,0.0,0.7262830849993446,0.05761031254712266,0.8772064105903823
2018-08-09,SIM,efd41fec7d9d24fd,0.5465369738103821,1,-0.28772684772007634,0.3793741847960265,-0.2857433302377594,-0.7614161093714821,0.34779801871986743,0.6238381918589421,0.8566622323603563,0.0,0.8566622323603563,0.0,0.8292872684972945,0.06381571561876422,0.8467533468512218
2018-08-11,SIM,efd41fec7d9d24fd,0.5406257805998456,1,-0.14184246332495157,0.3022754281366003,-0.3969506224647783,0.07851695413474316,-1.2785530664992364,1.131664792409248,0.14223117561667156,0.0,0.0,0.0,0.16349812339065528,-0.829800577807966,0.5542305306604532
2018-08-13,SIM,efd41fec7d9d24fd,0.5175527165460012,0,-1.2444939833460098,-0.4223073778594916,-0.28774749169814917,0.018977770448732,0.32647998268642486,-0.2575614570843797,0.18532074788892156,0.0,0.0,0.0,0.5662181854150786,-1.3828431716613727,0.571339269558202
2018-08-15,SIM,efd41fec7d9d24fd,0.5255182551178211,1,-0.14700951471609083,-0.8174148224690188,-0.7277392419377017,-0.5712316578458202,-0.026241739430914568,0.7232853919438376,0.061112406574583084,0.0,0.0,0.0,-0.43933616973534173,0.062486452702484714,0.6052970251436467
2018-08-17,SIM,efd41fec7d9d24fd,0.4827045495331346,0,0.6768921565830691,-0.3741168529290022,0.38465734711763483,-0.02065221617278505,-0.26344445448837017,0.8634129597421945,0.08876621164968518,0.0,0.0,0.0,-0.5102103027929752,0.3484291270765974,0.972950922771331
2018-08-19,SIM,efd41fec7d9d24fd,0.5141362561509936,0,0.7812934223550922,0.621736982187458,-0.7094625310124139,0.40246600488948436,-0.15349696722557982,-0.2596442197699344,0.1982300182999691,0.0,0.0,0.0,-0.15112284692443334,-0.4961562396351687,0.7492719033845174
2018-08-21,SIM,efd41fec7d9d24fd,0.5731958291857715,1,0.21014157712767856,0.5382453681803193,-0.5184104079594687,-0.34155946095445805,0.6768368406423753,-0.17821554199570108,0.05935822318342332,0.0,0.0,0.0,0.48309830022568373,-0.158030685851355,0.8638710767248854
2018-08-23,SIM,efd41fec7d9d24fd,0.5629945540691581,1,0.4072311414259549,0.23844947770722208,-0.8160802800088542,0.1226157936902263,-0.02165510717606244,-0.5423666267536353,0.12223165601572326,0.0,0.0,0.0,0.03847831871392065,-0.0012146075370145636,0.6182737027739156
2018-08-25,SIM,efd41fec7d9d24fd,0.5617245579739005,0,-0.28033560940400326,0.11214650221475883,0.20596480234436348,-0.723966746995251,-0.26243589946964907,0.17523704228092118,0.052715711736783494,0.0,0.0,0.0,-0.2069271333896855,0.12595638134694273,0.9917152796073407
2018-08-27,SIM,efd41fec7d9d24fd,0.585681760585679,0,-0.10600783211671039,0.4272347353740503,0.2118688623476205,0.5192704826508185,0.5318858907124995,1.7317048462725526,0.13472204941844032,0.0,0.0,0.0,-0.274688860016802,-0.6237392229863277,0.9720729050778198
2018-08-29,SIM,efd41fec7d9d24fd,0.5623098006805745,1,-0.012065869850309496,-0.16031573107028604,0.20605414322824256,-0.29487949667982155,0.49760833246324837,0.8756603656715678,0.9356319925279024,0.0,0.0,0.9356319925279024,0.04564410674391224,1.0882853444613336,0.8808874867598262
2018-08-31,SIM,efd41fec7d9d24fd,0.5530079822242954,0,-0.008666848618860912,0.114540248630432,0.27367531403760853,0.45965044357276585,0.7334876094797355,-0.20287190355949525,0.724176322125898,0.724176322125898,0.0,0.0,-0.24184309814951532,0.9794937411791995,0.8273450450333223
2018-09-02,SIM,efd41fec7d9d24fd,0.599329652348504,1,1.1655492989720524,1.002840453075943,0.06391910947597097,0.5157582059226947,-0.05558291489838272,-0.29894247678121166,0.04981068177150516,0.0,0.0,0.0,-0.7905781784070579,-0.8996255235647835,0.4565090128791705
2018-09-04,SIM,efd41fec7d9d24fd,0.5294935364168922,0,-0.5048175696938726,-0.2494317390556664,0.9992239074572701,-0.18352984437983655,0.9348082888176257,0.16133520117559044,0.16996315417659896,0.0,0.0,0.0,0.21228346191531772,-0.41441094738202044,0.8851424214657652
2018-09-06,SIM,efd41fec7d9d24fd,0.49199896936011966,1,0.027128053616073566,-0.4482139875677157,0.543983486036124,0.6462009972456905,-1.3188810207106902,0.06647541066458997,0.04546766027972085,0.0,0.0,0.0,-1.0704547438451895,0.22911795218347547,0.6457465028778456
2018-09-08,SIM,efd41fec7d9d24fd,0.4860362871189312,1,-0.4619280714733635,0.6805570624483228,0.09842574210350437,0.3784784791328895,-1.2363180578152637,0.130849106414791,0.11096018113231146,0.0,0.0,0.0,-0.0706113244951401,-0.3626752919445478,0.9612424363638933
2018-09-10,SIM,efd41fec7d9d24fd,0.49352302673580706,1,-0.6652581338430597,0.1338341997575752,-0.49716216224224424,-0.010458546869918962,0.6520471765913705,-1.3352932186571234,0.05207302702561474,0.0,0.0,0.0,-0.5480875757900231,-0.2979222723602953,0.4898764618212683
2018-09-12,SIM,efd41fec7d9d24fd,0.5494134443658626,1,-0.21777753491923799,0.4778338651933379,-0.8014650009428089,-0.2649856211006698,0.5254411782213961,-0.06978037305809592,0.10820353084601196,0.0,0.0,0.0,-0.3100069746500555,0.037960150438004686,0.5134844400444056
2018-09-14,SIM,efd41fec7d9d24fd,0.5057147769216728,1,-0.36396088590746634,0.15123892845329331,-0.4461391671983472,0.9824726005698355,0.01157395854597487,-0.11809978715314946,0.09365619210769245,0.0,0.0,0.0,-1.4570636157207153,-0.36607945392202623,0.45659611059358857
2018-09-16,SIM,efd41fec7d9d24fd,0.5369483157557791,1,0.6299417726761034,-0.1577212478591132,-0.23010338170207972,-0.14260705702471746,0.7129351760094168,0.5508150450959264,0.02699069767447204,0.0,0.0,0.0,-0.3004328918693716,-0.08604149292187577,0.5911581977001122
2018-09-18,SIM,efd41fec7d9d24fd,0.5517322147654035,1,0.817374765736679,0.16384680647158856,0.16591737090142417,0.8027673133187707,-0.13076724323815694,0.5895104113804495,0.04195546969861341,0.0,0.0,0.0,-0.3175468818971006,-0.012120741828859452,0.588617139402916
2018-09-20,SIM,efd41fec7d9d24fd,0.5425080478663219,1,-0.7811760657616034,0.3529752634067889,-0.43450230531888984,-0.1675319288632445,-0.5768477218706456,-0.3876762450338794,0.06977415583511813,0.0,0.0,0.0,0.8656263045171647,0.7980126296537952,0.9895076439393075
2018-09-22,SIM,efd41fec7d9d24fd,0.5112554088334285,1,0.9691435014857089,0.1490496135100005,0.4687516665474661,0.04565950017940089,0.23096042234098085,0.8619858744086181,0.0032201891489124224,0.0,0.0,0.0,0.4290451249372596,-0.6137963609034229,0.9749002667541983
2018-09-24,SIM,efd41fec7d9d24fd,0.47132738668898616,0,-0.42772970297532953,0.6484922656866452,-0.36614360126411655,0.21390879246681463,-0.6447639959981896,-0.7761329205295723,0.010577109799527662,0.0,0.0,0.0,-0.03322704408711044,-0.3215263398116332,0.7152773980236444
2018-09-26,SIM,efd41fec7d9d24fd,0.5243438605520845,0,-0.44097515244638363,0.06541315914480944,-0.0077864032428191805,0.9877749314889377,0.5207806169455811,-0.59447527859943,0.09578422039343915,0.0,0.0,0.0,-0.016193778854027143,-0.7475304310488615,0.6771364830917356
2018-09-28,SIM,efd41fec7d9d24fd,0.47763581050503523,0,-0.17567582104594193,-0.8772630324521041,0.5847825062023841,-0.07689299509884905,-0.1266726032719671,0.1723335606811485,0.10433830941320273,0.0,0.0,0.0,0.5910148526828508,-0.028363906041370627,0.7049408458738686
2018-09-30,SIM,efd41fec7d9d24fd,0.47174603109682095,1,0.1669732912249451,-0.39551157307771956,-0.2789422477972158,0.1355528522112875,-0.5809973001845059,-0.6987780287519564,0.07805481167876338,0.0,0.0,0.0,-0.1811344803516347,-0.1766725554370088,0.739192445950126
2018-10-02,SIM,efd41fec7d9d24fd,0.45180353758692665,0,-0.4653852851562636,-0.3436537821596803,-0.05220161613529404,0.16742075301459539,0.6721693814394808,-0.5450969732021533,0.17392593378670523,0.0,0.0,0.0,0.35603117430927866,-0.04409093514639451,0.9255684603087486
2018-10-04,SIM,efd41fec7d9d24fd,0.45632932271284765,0,-1.7213076285457025,-1.0037247939763332,-0.7864056680104249,0.3126247197324284,-0.5297771882188759,0.26373916894368454,0.18367232011823262,0.0,0.0,0.0,-0.057454363903665574,-0.03569607324239844,0.48552380944093876
2018-10-06,SIM,efd41fec7d9d24fd,0.4407940542097488,0,-1.777842440281527,-0.5617795760804587,0.2153836300882753,0.048904038475977164,0.061332440940064174,-0.0930441701656529,0.626502981512949,0.0,0.626502981512949,0.0,-0.03257005848057655,0.1590595184012058,0.687316497098795
2018-10-08,SIM,efd41fec7d9d24fd,0.48159434393673134,1,-1.2085938259256768,-0.32886662211521245,0.4534607200199075,0.2377700971038,0.5288092744137194,-0.01848783670500948,0.11231261681284149,0.0,0.0,0.0,-0.43219724619938016,-0.8532711760191747,0.7583200382404076
2018-10-10,SIM,efd41fec7d9d24fd,0.4577882478780749,0,-0.5398464961442528,-0.27028627970634367,-0.134027943146504,-0.6344762453572376,0.24434145374566693,0.30077104087154166,0.07556247812515866,0.0,0.0,0.0,-0.5363626632069121,0.5580751860142531,0.9611894234502112
2018-10-12,SIM,efd41fec7d9d24fd,0.4319962140663723,0,-0.5036350192205133,-0.9159802573193065,-0.5576741613227663,-0.985654271466739,0.04960181866624684,-0.6962189988270269,0.14346771360087263,0.0,0.0,0.0,0.4890231027318442,0.31908023852174966,0.5701271996115841
2018-10-14,SIM,efd41fec7d9d24fd,0.38777602914339765,0,-1.4089634189843503,-0.6579627661575469,-1.6292152774013273,-0.8076360644338014,-0.06291223030581455,0.3749770819491006,0.1155091381029088,0.0,0.0,0.0,0.369433011177306,-0.7958968692494661,0.43712491555847954
2018-10-16,SIM,efd41fec7d9d24fd,0.4072875784410805,0,-1.0158660269470898,-0.1636066248226673,-0.29238039337339805,0.3358311795162084,-0.13104972095506495,-0.7094459203396191,0.051221127647600985,0.0,0.0,0.0,1.00276692187731,-0.27527190241936667,0.5075977459926759
2018-10-18,SIM,efd41fec7d9d24fd,0.4452630142289791,0,-1.361555766194767,-0.4726236593434761,-0.2880249639898427,0.8083175270897583,-0.7551359752209565,-0.2354050096152423,0.07238674318456302,0.0,0.0,0.0,-0.30483042562532353,0.09628020234016102,0.7573799191479941
2018-10-20,SIM,efd41fec7d9d24fd,0.3697786687249856,0,-1.80830223792482,-1.8976891809121044,-0.2905076855218299,-0.18950996996803376,-0.25233357195415235,-0.1832487217364531,0.15651962296537833,0.0,0.0,0.0,-0.4456532762114308,0.163406090732125,0.5420947928876592
2018-10-22,SIM,efd41fec7d9d24fd,0.40077637265227956,1,-0.7933543311091907,-0.8277347808408754,0.02079593393660185,-0.2551058021137091,0.05093039853321154,-0.3542882010064738,0.7854545460604091,0.7854545460604091,0.0,0.0,-0.11718624554382001,-1.058566275725591,0.9063247579008392
2018-10-24,SIM,efd41fec7d9d24fd,0.4650270633746083,0,-1.833546089180949,-0.7770412003727117,1.1944459943018397,0.1885810175863281,-0.47570375949254023,0.5395083703743817,0.01398020452691755,0.0,0.0,0.0,0.2500896972148685,0.8005800682943336,0.49016063600890836
2018-10-26,SIM,efd41fec7d9d24fd,0.43235920396053557,0,-0.7414215612363297,-1.1769245183268182,-0.7127291112995959,0.2665594004418547,0.014500431280682255,-0.09435878821417248,0.07127513975304799,0.0,0.0,0.0,-0.5970131064186043,-0.5496127363233486,0.516680203705544
2018-10-28,SIM,efd41fec7d9d24fd,0.4307029968780215,0,-1.7495870858812557,-1.3796844369817238,-0.19160911382791465,-0.24978787451973483,-0.17712928512492815,0.1690065265373807,0.19141642005972448,0.0,0.0,0.0,0.06411672077714066,0.21021417163849374,0.6510924012797448
2018-10-30,SIM,efd41fec7d9d24fd,0.4296185744002315,0,-1.790989229523096,-0.9947593292205339,-0.28173006692141683,0.036672637030327714,0.08629978667039175,-0.03202929176871477,0.018864248796214025,0.0,0.0,0.0,0.45550075352502706,0.43926008401769195,0.8309803586434528
2018-11-01,SIM,efd41fec7d9d24fd,0.44028780056075595,0,-0.8818084669152145,-0.9447434545035944,-1.1030247494579692,0.6795818233227675,-0.23266858208269334,-0.17815442446870275,0.07580563061482862,0.0,0.0,0.0,-0.2267754087170848,0.28996313722718325,0.4269213735707033
2018-11-03,SIM,efd41fec7d9d24fd,0.41424632220240554,0,-1.1012878816601888,-1.1961379971991144,0.1648892589099715,-0.4257881699482552,0.12290658256658643,0.17139636490222027,0.07542242065488376,0.0,0.0,0.0,-1.1687520491408079,-0.00024159305763100608,0.5444697084324213
2018-11-05,SIM,efd41fec7d9d24fd,0.43145186014271425,0,-0.7373339741498368,-0.7619844338116956,-0.3970206358836117,-0.1027415729045528,-0.4008910984092686,-0.11624311952216487,0.04028332422244077,0.0,0.0,0.0,0.7750848456312943,-0.39628489254909144,0.9618048887250777
2018-11-07,SIM,efd41fec7d9d24fd,0.4651719915187797,0,-1.326846520773111,-1.1633010317687762,0.3793476537882709,0.059088694917603185,-0.42065370898307214,-0.21246092467006855,0.5260239719934076,0.0,0.0,0.5260239719934076,0.28184876126579084,-0.2566004493700045,0.7768909767348801
2018-11-09,SIM,efd41fec7d9d24fd,0.4357970951941173,0,0.2582825608695465,-0.6365062574364057,0.2729948603814596,-0.3463425010064378,-0.05670557058229185,0.2826741074253543,0.011241233036367216,0.0,0.0,0.0,-0.22807071478759514,0.8194153080180867,0.9937771750078542
2018-11-11,SIM,efd41fec7d9d24fd,0.52306786882567,0,-1.56966428925474,0.45433641185667106,-0.731639484254492,-0.32235994736566975,-0.5511436207927897,0.06243715529682316,0.017594946518278597,0.0,0.0,0.0,-0.014730005287199035,-0.2085972279011336,0.5409830929126146
2018-11-13,SIM,efd41fec7d9d24fd,0.4771404386969597,0,-0.5660761426926354,-0.9580461578308368,1.0971672624261777,-0.6821367185062764,0.6082883100319288,-0.027484675306553397,0.053554828447499994,0.0,0.0,0.0,0.6062226384001836,0.41762526914583575,0.9834215751311619
2018-11-15,SIM,efd41fec7d9d24fd,0.4173392037867099,0,-1.2739301061841874,-0.9582761979123631,0.1369602738710047,-0.1590911737210501,-0.19380463105034249,0.07994438257495773,0.04916928795244957,0.0,0.0,0.0,-0.022448427073268214,0.5716012775995923,0.5723773490250312
2018-11-17,SIM,efd41fec7d9d24fd,0.473522755560414,1,-0.0854536918360892,0.6350347962994471,0.1735480412604417,-1.5471490885584485,1.295725847578998,-0.5008180356156972,0.043227288052368175,0.0,0.0,0.0,-0.08767170514856709,-0.13776764563058025,0.5688699331088743
2018-11-19,SIM,efd41fec7d9d24fd,0.49432668533329766,0,-0.8416642895206021,-2.2975941925315344,0.6074845010463293,0.3132318877337436,0.7702278204863882,0.34892978428979776,0.10829944234038436,0.0,0.0,0.0,-0.5585422171690686,-1.1600589183537748,0.5157427534256839
2018-11-21,SIM,efd41fec7d9d24fd,0.5277106600916993,1,-0.5367257962439734,-0.4297303340794451,0.26444919074584444,0.011783863272758504,-0.6942666006040906,0.8190493541629589,0.1493802874062251,0.0,0.0,0.0,0.8212767631477061,-1.1318779028550683,0.4120332429504181
2018-11-23,SIM,efd41fec7d9d24fd,0.5349893882003843,0,0.12220078041617491,0.11100238726552418,0.10732108872064873,0.031589682824426576,-0.6680189438646631,0.7500823517782712,0.06935839708545122,0.0,0.0,0.0,-0.43391551822689384,0.8990824904914393,0.7981590016238594
2018-11-25,SIM,efd41fec7d9d24fd,0.4952093938228481,1,-0.6330228616973965,-0.8385934117692666,0.43020276543724706,0.5134422217954563,0.6447591724715404,-0.11244448232619,0.055302495903069286,0.0,0.0,0.0,-0.5589116826324536,0.4907551583053201,0.9985569760549204
2018-11-27,SIM,efd41fec7d9d24fd,0.5899844592521208,1,0.07304640998608602,0.35429924875855334,0.9489969854231312,0.19085774801743668,0.22008497889867248,-0.1782622603495972,0.15751324401741554,0.0,0.0,0.0,-0.33403842388349175,0.060526011379141306,0.9119371307850944
2018-11-29,SIM,efd41fec7d9d24fd,0.5263476767340378,1,0.8772283109008334,-0.028720904757253016,-0.2722563130536121,-0.3379051043735147,-0.5119554082819249,0.3181048836490913,0.03929532824483844,0.0,0.0,0.0,-0.06028023315900292,0.6469264693716896,0.5817125498908636
2018-12-01,SIM,efd41fec7d9d24fd,0.5028466427595151,0,-0.4260994468230119,0.18445645344956846,-0.18709676356127952,0.18537019811657293,-1.1094269621421673,0.030125278743838357,0.8560036025065515,0.0,0.0,0.8560036025065515,-0.14020699021374242,0.34127169118416334,0.7269780246255557
2018-12-03,SIM,efd41fec7d9d24fd,0.5105602341701359,1,0.7433689333474759,-0.19665910573965034,-0.628616195235826,0.5809083058131385,0.13425293399553961,-0.7408650015150718,0.19613610611664176,0.0,0.0,0.0,0.6803841242789866,-0.010606175821813656,0.5593324012018456
2018-12-05,SIM,efd41fec7d9d24fd,0.5390988659494884,1,-0.6800590126951132,-0.4592921234635551,0.1473771585651585,0.9656200382436959,-0.11812223393571682,-0.3973203568748983,0.004046504070102363,0.0,0.0,0.0,-0.6047711318517452,-0.1456911262493224,0.9176432181789059
2018-12-07,SIM,efd41fec7d9d24fd,0.5246506019159642,0,0.03197435471807897,0.11230280448589802,0.1461643574216832,0.5961478211287772,0.09620049694897388,-0.0877815945665549,0.17608612315138428,0.0,0.0,0.0,0.810199324586265,1.5203742573979404,0.437226788608529
2018-12-09,SIM,efd41fec7d9d24fd,0.5177345764739618,0,-0.6466543585815137,-1.297751361724752,-0.525709207953263,0.19640301808269953,0.44285200248282075,0.2060828084591332,0.01825145361627081,0.0,0.0,0.0,0.2564085386389145,0.7062402186801064,0.6044625378349584
2018-12-11,SIM,efd41fec7d9d24fd,0.5072466804324807,0,-0.6415489259399949,-0.5343096575017179,-0.394438501988299,0.45249780339800383,0.8053854160176116,-1.1447494826534088,0.12625385337404868,0.0,0.0,0.0,-0.5444385623224895,-0.13722541678826122,0.5068614626529239
2018-12-13,SIM,efd41fec7d9d24fd,0.4970514719056493,1,-0.1636854395024292,1.4785370256038908,0.3240299542433651,0.65781166369021,0.7152773712256801,0.038229281874002895,0.08371741041475791,0.0,0.0,0.0,0.23964058550272194,0.05112079908886241,0.4453167692066805
2018-12-15,SIM,efd41fec7d9d24fd,0.5275201175523373,0,0.13144782104744102,-0.29412496814146694,0.5070359403094236,0.5883054643621187,-0.19585053177497708,0.01476894701052964,0.07605063339843393,0.0,0.0,0.0,-0.04777807836381742,-0.6397609728028804,0.9810279076294572
2018-12-17,SIM,efd41fec7d9d24fd,0.6044441096308922,1,0.5972657276258491,0.3991387156447799,-0.5542929512451511,-0.23801545399604715,0.044454765832432144,0.6383873539796778,0.09664697310547748,0.0,0.0,0.0,0.09599998786760891,0.9535355666100284,0.40785557043456716
2018-12-19,SIM,efd41fec7d9d24fd,0.5641867955747046,1,0.2694838588906231,-0.14040324501873422,0.3593211140578017,-0.6684403420727655,0.8457851087209467,-0.04866052938884869,0.014710787993353193,0.0,0.0,0.0,-0.5884949803800851,-0.8108965445582494,0.8299481996025044
2018-12-21,SIM,efd41fec7d9d24fd,0.5500158386073875,0,0.9065473434563093,0.3624811809928146,-0.0044730833278813645,-0.04028056975522156,0.2880109465171182,0.3800766655616858,0.17205260949296208,0.0,0.0,0.0,-0.2554732071017424,-0.8320491466280411,0.4471274913776652
2018-12-23,SIM,efd41fec7d9d24fd,0.5254919459005267,0,-0.45387353711817996,-1.4402461581044566,-0.7957937005358494,0.35813172656340975,-0.14348567881323557,-0.7162806968461084,0.19918058116067616,0.0,0.0,0.0,-0.14812831330350995,0.25011150801258936,0.7739668478916629
2018-12-25,SIM,efd41fec7d9d24fd,0.5605044489503359,1,0.04256516044626736,0.6286808919553145,0.599208725176687,0.004204019490254547,0.8470806141994169,0.08290751587532542,0.0624630496373878,0.0,0.0,0.0,-0.08965747028649973,-0.20898180232526395,0.5199597347125359
2018-12-27,SIM,efd41fec7d9d24fd,0.5576725376535008,1,0.8345254146506428,-0.495161464277309,0.5791084585515115,0.5080481663586549,-0.05916433420225437,-0.8312351779176462,0.08821777245771678,0.0,0.0,0.0,0.6256479826276525,0.011790462708593859,0.4730515812115366
2018-12-29,SIM,efd41fec7d9d24fd,0.5171664201693227,1,-0.7370589460929304,0.3115295677183842,-0.45123592722165384,-0.06838237726115899,-0.3137668817321334,-0.7488716956012136,0.18894386627006626,0.0,0.0,0.0,-0.41961941864542285,0.34548591592251,0.5306494760734014
2018-12-31,SIM,efd41fec7d9d24fd,0.5195332243658006,0,-0.5426036156149477,-0.013750541251065144,0.5549351088838872,0.2309818114549505,0.2930096712825109,0.42868251599087687,0.19816569382541377,0.0,0.0,0.0,0.14528891749165396,0.5129726650499928,0.43836197042906155
2019-01-02,SIM,efd41fec7d9d24fd,0.5736535482987949,1,-0.34167503515481357,0.518619587157154,1.6359127665764706,-0.8852960795489091,0.3379082487546742,-0.49140713210182546,0.024532320982081402,0.0,0.0,0.0,-0.08945163440857512,0.12223775317135636,0.5585196458634114
2019-01-04,SIM,efd41fec7d9d24fd,0.5264246421065003,0,-0.4973391541200492,-0.15494255193978623,-0.33662574154001895,-0.19986215466925025,-0.5858367310705774,-0.2942560745398137,0.18443867024209853,0.0,0.0,0.0,0.7135672469389934,1.5566539935962835,0.6382855287950899
2019-01-06,SIM,efd41fec7d9d24fd,0.4675993369947281,1,-0.5335851062512726,0.46346338259950853,0.8421062970069552,-0.5604814284145843,-0.9366676179459167,-0.08340711709653711,0.17861079265868485,0.0,0.0,0.0,-0.29297032198664186,-0.20854333814265816,0.7612337754386533
2019-01-08,SIM,efd41fec7d9d24fd,0.4968510625673611,1,-0.5891829865304565,0.2845051748825583,0.577543661551312,-0.5022856312315216,0.3793553325553694,0.29303563625774076,0.166520067680387,0.0,0.0,0.0,-0.32329030305488804,-0.6385011194178605,0.7952912935745429
2019-01-10,SIM,efd41fec7d9d24fd,0.5169036552726451,1,-0.6916562727309005,-0.14182050960910797,0.37365172036296906,-0.8772213779274746,-0.13626294714722886,-0.2666870673617729,0.012914715827966461,0.0,0.0,0.0,0.8639296260341097,0.5664612199392055,0.8490766819299544
2019-01-12,SIM,efd41fec7d9d24fd,0.49289915747190755,1,-1.121292669623693,-0.1909963408142329,0.6043931726668914,0.1663324899053906,0.10259775016810159,0.6501756381033549,0.775455330625441,0.775455330625441,0.0,0.0,0.456885620617164,0.23258813240457626,0.44363596809307043
2019-01-14,SIM,efd41fec7d9d24fd,0.47698992855195604,0,-0.888927527125635,-0.24326194250279137,0.9591469992658905,0.4915647119774479,-0.4788443505067184,-0.5805573062048458,0.00235829840012467,0.0,0.0,0.0,-0.26138558219468583,-0.870351974117852,0.44826818878610836
2019-01-16,SIM,efd41fec7d9d24fd,0.4229253756662958,0,-1.4631603388827776,-0.5543850990128282,0.6218010873212749,0.6427864513507198,0.8339177204884581,-0.20006072729671898,0.10421597864341928,0.0,0.0,0.0,0.5364017224526416,0.7100778601806196,0.7355237146364857
2019-01-18,SIM,efd41fec7d9d24fd,0.4372873701234106,1,-1.233775026664337,-0.2594359258288093,-0.7367340443785594,0.26121239845876815,-0.7462719336044308,0.41277109404233603,0.08912411537689365,0.0,0.0,0.0,0.11742184169280681,-0.013049219163366297,0.8204224990495759
2019-01-20,SIM,efd41fec7d9d24fd,0.47162091686448704,0,0.06314878552242553,-1.0105403586757338,-0.06345082506879333,0.10726025224623974,-0.5759818853612402,-0.37663455156448117,0.14765968191036624,0.0,0.0,0.0,0.5174937607258945,-0.04407790239354466,0.5720662782026379
2019-01-22,SIM,efd41fec7d9d24fd,0.4464781475136469,1,-0.8461849635284973,0.6622696504268891,0.28288845373147853,-0.7397979905682773,-0.5935758357975202,0.6797268187766746,0.13170785635152807,0.0,0.0,0.0,0.719121604778214,1.0949184805054195,0.49533814551452565
2019-01-24,SIM,efd41fec7d9d24fd,0.4859795905709917,0,-1.3106614052001184,-0.38964253209567234,-0.0869228129547769,0.8188514383484699,0.351984318392938,0.782291792917736,0.0973579099920426,0.0,0.0,0.0,0.10998095732325708,-0.4597830875605753,0.5865779835685222
2019-01-26,SIM,efd41fec7d9d24fd,0.5095340163232184,0,-0.67567255298473,-1.09220363530557,0.9641168760058872,0.1450430351272841,0.574277188378133,-0.8857459850707687,0.18413940643845336,0.0,0.0,0.0,-0.01452722667118236,-0.9041578398564788,0.5211394639331961
2019-01-28,SIM,efd41fec7d9d24fd,0.5371038896585713,1,-1.038437553182119,-0.9209395597358382,0.18739878314858494,0.6948499991792079,-0.7052629851304151,-0.38853105941680494,0.06445742378799538,0.0,0.0,0.0,0.10789144175835352,-0.09797170847483182,0.40869035378358404
2019-01-30,SIM,efd41fec7d9d24fd,0.4985071984194041,1,-0.8900252666689735,0.4122419074543744,-0.06648014299779054,0.011524913815453815,1.3095424318917193,-0.3539823482615895,0.16541064130177607,0.0,0.0,0.0,-0.37800822674712736,-0.5256351123464957,0.8306763649604394
2019-02-01,SIM,efd41fec7d9d24fd,0.5201307524441449,1,0.23340561813805288,0.27579975919404276,-1.0647935484688789,-0.022050948070065586,1.083479204336181,-0.39010635650479203,0.11099284322703216,0.0,0.0,0.0,0.06884765069677945,-0.19358121848605958,0.479635621133811
2019-02-03,SIM,efd41fec7d9d24fd,0.46821848616261225,0,-0.6273766718507895,-0.2970373165898528,-0.23927296783961322,-0.5199203713182488,-0.3936813072322946,0.3999180192878944,0.08648932348469968,0.0,0.0,0.0,0.48496389762757175,-0.0013552358084907643,0.8035127292323561
2019-02-05,SIM,efd41fec7d9d24fd,0.5356967708852804,0,0.3173454144167723,0.21208699249371232,0.7657491020978153,0.14703765396043306,-0.4991144584502052,-1.0453945569874052,0.1680465669909807,0.0,0.0,0.0,-0.09933200667150281,0.18331064856445042,0.7479946211504193
2019-02-07,SIM,efd41fec7d9d24fd,0.5480292185568839,1,-0.20019662650573794,0.14345457457133348,0.05706677563891385,0.44948342292437354,-0.4863555734902065,-0.3512572211048051,0.1797967827600467,0.0,0.0,0.0,0.5769896815971355,0.2356538797318031,0.5107345924814429
2019-02-09,SIM,efd41fec7d9d24fd,0.49768425958416296,0,-0.12737974572741004,0.21001934184001672,-0.5668883371049355,-0.7038190421366494,0.38606405434596514,0.0872259735809296,0.11578576900203622,0.0,0.0,0.0,-0.21365537823653558,-0.7607328342432983,0.8599784340514529
2019-02-11,SIM,efd41fec7d9d24fd,0.524673058660276,0,-0.6181219445774906,-0.7377938510467273,0.4233159413653043,-0.5903443409645349,0.675189518807898,0.09911847286492033,0.04137332423499869,0.0,0.0,0.0,-0.8763990151879927,-0.25661602714249787,0.5709321137237741
2019-02-13,SIM,efd41fec7d9d24fd,0.4766272557967347,0,-0.7822423805630455,-0.5322036337968398,1.2672066372653756,-0.30311250020966807,0.32031956198385186,-0.16230315239500087,0.053503595843448284,0.0,0.0,0.0,0.20125990945443198,0.1587600975859475,0.6688836992684053
2019-02-15,SIM,efd41fec7d9d24fd,0.5371105673586057,1,0.07763941459191048,-0.28011478378507537,-0.4358290880184203,-1.4077264706552859,0.45338903680180337,-0.3391692507998581,0.14187350729358988,0.0,0.0,0.0,0.1840176978501833,0.016207653492434432,0.981956066852731
2019-02-17,SIM,efd41fec7d9d24fd,0.5149968529269936,1,0.2634996482363581,-0.7268544788488513,-0.9871329512179923,-0.1867587526246244,0.049532176261867615,-0.5361878494373018,0.8343996436649992,0.0,0.0,0.8343996436649992,0.04449376421646516,-1.3687038297185428,0.7780370843524453
2019-02-19,SIM,efd41fec7d9d24fd,0.5355998598032365,0,-0.09709863576665033,0.8641734011066459,0.3071883126643528,-0.5035394583358578,-0.4486076018446319,-0.08646415576548522,0.07917766034680757,0.0,0.0,0.0,0.6422930981985553,0.9818036828784006,0.9107037029176595
2019-02-21,SIM,efd41fec7d9d24fd,0.5990363981054679,1,0.61752085647154,0.9364052551657375,0.1968869148236184,0.3089383194378422,-0.5653235902684018,0.6094112225922839,0.09652833416864931,0.0,0.0,0.0,0.02608847143426448,-0.09466136738772586,0.7242516734807236
2019-02-23,SIM,efd41fec7d9d24fd,0.5204323428133875,1,0.12170348924951324,-0.21822919842028343,0.12546333624724834,-0.21842208849422096,1.0111344071587494,0.04178047883628344,0.14235188417507968,0.0,0.0,0.0,1.0910082921941855,0.21372451893669833,0.7707387297865814
2019-02-25,SIM,efd41fec7d9d24fd,0.6091476404704428,1,-0.12476835500608019,0.3267959930130054,0.36572589873858863,-0.40365030596186996,-0.4129728818379611,-0.5786563264691105,0.16472376406712008,0.0,0.0,0.0,0.825170773947452,0.5137416657046641,0.5564751747766234
2019-02-27,SIM,efd41fec7d9d24fd,0.6061228395027796,0,0.5050631789764476,0.14467510392989186,0.291983498050566,-0.15366365289480635,-0.07909205351849175,1.1877108997375623,0.08032300299462698,0.0,0.0,0.0,-0.5203863425609513,-0.37555446069838183,0.8646783562244305
2019-03-01,SIM,efd41fec7d9d24fd,0.5247043461108096,0,-0.11835172539540362,0.6323049408964673,-0.4254556843705491,0.006783181063399093,-0.31740859387014775,0.1433551766756857,0.0007284457396384836,0.0,0.0,0.0,-0.0012082750277189434,-0.2553805390804954,0.6263990178254693
2019-03-03,SIM,efd41fec7d9d24fd,0.5031818826923258,0,-0.2843637361476371,0.02337358177455992,-0.2784898175860499,-0.6570986810412982,0.21722166516794014,1.3365244404522132,0.08909017489747886,0.0,0.0,0.0,-1.1379356611372382,0.5753103365001372,0.9757750527818967
2019-03-05,SIM,efd41fec7d9d24fd,0.5324873604532353,0,-0.1087158779733261,-0.13322246006274185,-0.056957418229376576,-0.13891527568516793,0.02966292818220723,0.009794236631223356,0.09888014606408889,0.0,0.0,0.0,-0.03864161647219534,0.3709450143367313,0.8962555959161123
2019-03-07,SIM,efd41fec7d9d24fd,0.5017798254495586,0,-0.768638647332026,-0.7783366470363523,0.4944844809523867,0.024091544162112642,0.11895692820748942,-0.8807730669771704,0.04413974516188501,0.0,0.0,0.0,0.4821168905252407,-1.6019169792117136,0.9787914389236385
2019-03-09,SIM,efd41fec7d9d24fd,0.5741070199671692,1,-0.13567291218533345,-0.12909374944599478,0.47334318919287793,-0.27272442385303264,0.009573090659268273,0.5464239170346817,0.12213114528834575,0.0,0.0,0.0,-0.6870220460834016,-0.1816989612239656,0.4544245550483887
2019-03-11,SIM,efd41fec7d9d24fd,0.5383676447363176,0,-0.5589879313017515,-0.7100516688393649,-0.5596681373790393,-0.4352042103553791,-1.0650659784243528,0.47612790776309916,0.16632886675623892,0.0,0.0,0.0,-0.591309640777352,-1.3598156445922165,0.7466215043332267
2019-03-13,SIM,efd41fec7d9d24fd,0.5513816465088264,0,-0.06603109496368736,0.10607553913291605,-0.5084906321501941,0.1848721263148182,-1.1624939211432475,0.3550073512191809,0.1902446575074697,0.0,0.0,0.0,-0.09413413830150513,-0.6016073680429702,0.7500546629634453
2019-03-15,SIM,efd41fec7d9d24fd,0.5664987746915399,1,-0.5393530734429592,0.23241009851140404,0.07489700613364579,1.2562735411808306,0.18104385997755892,-0.7889373730571076,0.013393260480403147,0.0,0.0,0.0,0.23865942588300815,0.21131158745461226,0.5111378650143776
2019-03-17,SIM,efd41fec7d9d24fd,0.5710604043053633,1,0.2767924517114202,0.54354677925291,0.4779517069039222,-0.12296634115331395,-0.12100652616879162,0.2614704129307484,0.15468591440173168,0.0,0.0,0.0,0.15569119423358777,0.4873896567089386,0.5123930814383355
2019-03-19,SIM,efd41fec7d9d24fd,0.5441724833080962,1,0.5010065447882335,0.1989665862023818,0.491495790724617,0.3379439084685558,0.03547232534958708,0.2009548613764146,0.1892855014162527,0.0,0.0,0.0,0.7129904495560109,-0.06245528352660435,0.5882921159912833
2019-03-21,SIM,efd41fec7d9d24fd,0.5629582232613535,1,0.08432798637735209,0.7623619053341338,-0.8196345276890387,-0.0816172992167364,0.7018902667155587,-0.028082548435803663,0.07550660954996996,0.0,0.0,0.0,-0.4019988585710362,0.5544091124002782,0.8165584352063073
2019-03-23,SIM,efd41fec7d9d24fd,0.6036097348746351,1,0.3596611377362741,0.3812443645882314,-0.22877242600017106,-0.745237433755025,-0.23583661885423937,0.3724635648164343,0.109958604310727,0.0,0.0,0.0,0.7636571845139155,0.02318491860638692,0.5830240071663548
2019-03-25,SIM,efd41fec7d9d24fd,0.5630226599279365,1,-0.025688714119036504,1.9368048656117485,0.6721056124699539,-0.32957831422082845,-1.033366709931722,-0.23141135628891377,0.7188849379851726,0.0,0.0,0.7188849379851726,0.8800705484253641,0.49135788667827784,0.8058644209020231
2019-03-27,SIM,efd41fec7d9d24fd,0.5616568224958391,0,0.36112457659857183,-0.003066292191500841,0.6998767938839168,0.09155978793426309,0.21997852033549803,-0.399059011242138,0.05594634613362597,0.0,0.0,0.0,-0.006183686746523293,0.6113750411955594,0.7662817396571399
2019-03-29,SIM,efd41fec7d9d24fd,0.6061899118440166,1,-0.08981634143796569,1.9528193876061912,0.8234729829888016,-0.26653210264925625,-1.249034810170105,0.02095393529276613,0.15826338572784163,0.0,0.0,0.0,0.40521894920745527,0.6202338540728852,0.5934288730658881
2019-03-31,SIM,efd41fec7d9d24fd,0.6560439911763581,1,0.5531634413550333,1.3528549942677017,0.15211127625665538,-0.5076458503882646,0.6462729989868677,0.4473851762399752,0.059398994183503744,0.0,0.0,0.0,0.15511156309739485,0.48027187999796195,0.9450010916948647
2019-04-02,SIM,efd41fec7d9d24fd,0.6418790821099856,1,0.9034678441140999,0.7593818580223755,-0.8594921584354789,0.45070296095326423,-0.022048653390774563,-0.7320312068166452,0.17919875171503802,0.0,0.0,0.0,-0.26852479977503935,0.16694787635737487,0.8182981831727416
2019-04-04,SIM,efd41fec7d9d24fd,0.6095929993167868,1,1.115316325283086,0.5479653541045982,-0.5797612661984927,0.08249010594520087,-0.4260962656419292,-0.9528528004009389,0.19436430832955387,0.0,0.0,0.0,0.06708662270953299,-0.3661769211859904,0.7357283757111854
2019-04-06,SIM,efd41fec7d9d24fd,0.5869539219447915,1,1.7931345199863626,0.5642139210814894,-0.13093418381410604,-1.1191118342390236,0.7172413526711983,-0.36698733154406366,0.1283688625602266,0.0,0.0,0.0,0.6572329193514778,0.46513511650853245,0.9409425844012117
2019-04-08,SIM,efd41fec7d9d24fd,0.607526689951706,1,1.6483788320187052,-0.2011592405601984,0.09639680868259684,1.026480295335213,0.08938510142697781,0.12853199549307287,0.09438064607172558,0.0,0.0,0.0,0.8273894725085206,-0.1454530636602551,0.6863691188257015
2019-04-10,SIM,efd41fec7d9d24fd,0.6149263820629695,1,0.4163648581955412,0.016809640698430328,-0.48993585932173944,-0.6286672374000946,0.938064756262313,-0.6926790877566187,0.1192925071850904,0.0,0.0,0.0,0.46256516489505095,0.08400863936001342,0.7606907309710116
2019-04-12,SIM,efd41fec7d9d24fd,0.61006234067889,1,0.6845342416671445,-1.1278227682714517,-0.9800860671398114,0.4975896466507545,0.047880115992670766,0.4944877206032881,0.01987198648609241,0.0,0.0,0.0,-0.22812179375226535,-0.0035225207930282784,0.5316782774973191
2019-04-14,SIM,efd41fec7d9d24fd,0.5942105593502699,1,0.7028630146886191,0.8466758226570081,0.8525706704629911,-0.5819424969884643,-0.8840888368064117,0.14280037745607724,0.1531410769662528,0.0,0.0,0.0,-0.7189212768651277,-0.7585290757717998,0.971329772306475
2019-04-16,SIM,efd41fec7d9d24fd,0.6144160600627967,0,1.036058806339186,0.5032861106383595,-0.1401362406374451,-0.5384342134920407,0.16980830670678396,-0.3582931765012116,0.03608293084334997,0.0,0.0,0.0,0.6838430970936202,0.0202989673288353,0.6401178897000604
2019-04-18,SIM,efd41fec7d9d24fd,0.6201188239936104,1,0.45840292559242024,1.45689756104332,0.40725483385186806,0.7456715735700916,0.26479844391803203,0.17602646508980088,0.14875935118306102,0.0,0.0,0.0,-0.24595197067552338,-0.4346569638875991,0.8676797539169705
2019-04-20,SIM,efd41fec7d9d24fd,0.5954951606767459,0,0.7416575309605833,0.5670235742044344,0.11670773953751983,0.44822748070763424,0.2988517680921694,0.37703907283759486,0.15942620201371527,0.0,0.0,0.0,-0.357303191455398,1.3827134793088351,0.4787484952609201
2019-04-22,SIM,efd41fec7d9d24fd,0.6079358719103403,1,1.54075490457741,0.3878486883960517,-0.23194003147887426,0.20454438477720685,-0.439863045177977,-0.6211416946639177,0.0581362706015911,0.0,0.0,0.0,0.03047255574319893,-0.7662625078322113,0.6307554175001839
2019-04-24,SIM,efd41fec7d9d24fd,0.6245220555833034,1,0.29214051357238024,0.8339842645311427,-0.14513670804040205,0.6067346515315641,-0.6221640899300975,0.19984440325809746,0.022976143145573905,0.0,0.0,0.0,-0.8749970806216957,0.2271888367225294,0.7330978850638652
2019-04-26,SIM,efd41fec7d9d24fd,0.5917192385319435,1,0.4634352523420991,0.046309054466420974,-0.5113538828330444,0.2716890897733559,0.09366363649624745,0.10946159962904206,0.056003381111494104,0.0,0.0,0.0,0.8126264197915788,-0.926296127232121,0.7511491669286239
2019-04-28,SIM,efd41fec7d9d24fd,0.6157197584946701,1,0.624141621271047,1.5022004473758523,0.05107320873534384,0.3105753621807026,0.9373863673131072,-0.11030561061132187,0.1885788697255658,0.0,0.0,0.0,-0.26410045631674545,-0.15502940453780867,0.9707006423971918
2019-04-30,SIM,efd41fec7d9d24fd,0.6170841208929155,1,1.0923415960456713,0.6441956136498961,-0.04940426983306421,0.5458763249061914,0.5831676498208265,0.10673407100221283,0.0837167767659066,0.0,0.0,0.0,0.020061769014148988,-0.3042354095895869,0.9964090570737425
2019-05-02,SIM,efd41fec7d9d24fd,0.6333159524422388,1,1.7000660311841123,0.0867747593480091,1.495418996668386,-0.5052764847376346,0.20304384271836062,-0.05185414196610876,0.14710244705559408,0.0,0.0,0.0,0.35114512148240495,0.15497972714525782,0.566423575100062
2019-05-04,SIM,efd41fec7d9d24fd,0.5933823599257392,1,0.40220378427211,1.3967194043230555,0.09186011197578482,-0.8051537594943017,0.4304263561756385,-0.06712337411102239,0.9208322428086216,0.9208322428086216,0.0,0.0,-0.8430967547704713,-0.36746272690724346,0.4145091623579218
2019-05-06,SIM,efd41fec7d9d24fd,0.5667303498146007,1,-0.16089445751265324,0.3494021930026462,-0.9196355264940806,0.32152646923622313,-0.7630995226148505,0.58740447693557,0.0991655116545408,0.0,0.0,0.0,0.26548985699271094,0.09305809458860088,0.6239175181676573
2019-05-08,SIM,efd41fec7d9d24fd,0.5619151359594785,0,0.4831578986640968,0.5396998280596614,0.12687782198827197,0.13763875944819,0.3283767688746114,1.4761248516843404,0.18751985506653723,0.0,0.0,0.0,-0.582888993279712,0.6040325208475045,0.7170021600367242
2019-05-10,SIM,efd41fec7d9d24fd,0.5452604685349428,1,-0.009281516908957815,0.7806965433396333,0.3547508118294225,-0.22778592424143254,-0.1561357551148307,-1.1487097234298875,0.07345892305732836,0.0,0.0,0.0,1.65214504650989,0.0875865967263696,0.6503659748126582
2019-05-12,SIM,efd41fec7d9d24fd,0.5459151655458694,0,-0.07542797469857025,-0.24588611223883086,0.467574363614898,0.5010010736243745,0.02109123235869934,-0.30855019920310234,0.012503994391053586,0.0,0.0,0.0,-0.2937371349570794,-0.015954789209622063,0.4468139693056076
2019-05-14,SIM,efd41fec7d9d24fd,0.5030064391768586,1,0.5223132908921795,-0.3575696024874926,-0.07547190817788424,0.9120164075331132,0.09020871970082331,-0.5339883100106957,0.15637502819256865,0.0,0.0,0.0,-0.01686187710130955,1.0473821779919523,0.8114837390264037
2019-05-16,SIM,efd41fec7d9d24fd,0.5336567910500324,1,-0.10308022487036714,0.35017110253923955,-0.0623848351006921,-0.18663167976741832,0.4491587624295006,-0.35417312837082215,0.7607016745869142,0.0,0.7607016745869142,0.0,-1.1175570178383327,0.37002774346513145,0.9077441752165811
2019-05-18,SIM,efd41fec7d9d24fd,0.5223551205506513,1,0.7759435052221562,0.0894257876235462,0.8506448484737447,-0.4060300066125804,-0.008238753296645541,-1.0282050293494,0.023823198662849987,0.0,0.0,0.0,-0.2422016774422444,0.2590463454852475,0.8297901361311459
2019-05-20,SIM,efd41fec7d9d24fd,0.5195488989976021,0,0.27247429466970186,0.912996925993299,0.09238709232320953,-1.3199585085304566,-0.7002577328207052,0.3176298184849146,0.08135649515679713,0.0,0.0,0.0,0.12705946508760937,-0.36259946022606604,0.45239223738233597
2019-05-22,SIM,efd41fec7d9d24fd,0.5780553232042104,1,-0.10940605025080563,0.21525451410336147,0.3340115310456416,-0.3422304980028808,0.14677775691256967,-0.0716722624136226,0.7335505717088866,0.0,0.7335505717088866,0.0,0.16384967479034956,0.03880485181088108,0.7203585131773098
2019-05-24,SIM,efd41fec7d9d24fd,0.4938982984505882,0,-1.260997391717967,-0.19446974085316052,0.061470248875492205,-0.629048040961631,0.833776524441365,0.20770791248306086,0.06440495778344897,0.0,0.0,0.0,-1.1539612838363378,-0.31864741660527357,0.5270444716816176
2019-05-26,SIM,efd41fec7d9d24fd,0.5005936765042246,1,-0.13791443550992563,-0.38351352293198326,0.1689233923347464,0.2498987889224849,-0.9141547638149189,-0.03567265560306765,0.012538759743116402,0.0,0.0,0.0,-0.18850570328400912,0.16284600473916128,0.8182333867272804
2019-05-28,SIM,efd41fec7d9d24fd,0.5271866854365224,1,0.2851879866661852,0.4579091654634007,0.6598854316109712,-0.6756698143099683,5.327983423343363e-05,-0.821560276688909,0.13476463084172846,0.0,0.0,0.0,-0.16443109873582404,1.1605656839201643,0.7114897264745434
2019-05-30,SIM,efd41fec7d9d24fd,0.4934011914148542,0,0.30462437665237574,-0.990806606084363,0.6174520653979864,0.8038005362904247,-0.2805066127849001,0.039655464241846745,0.1621600958228135,0.0,0.0,0.0,-0.3645747696393833,0.14094339602681943,0.8081647577417208
2019-06-01,SIM,efd41fec7d9d24fd,0.4525492195090608,1,-0.9140278296414405,-0.7831233753170899,-0.2358482859175635,-0.4035684710299645,-0.4545856165784298,-0.7835210256732557,0.020569014831056644,0.0,0.0,0.0,0.403973082949738,0.8821796053323927,0.9612018648950874
2019-06-03,SIM,efd41fec7d9d24fd,0.4687944515742949,0,-0.5989228633963454,-0.45187896770300173,-0.6490574163498161,0.917229814656442,0.12653935908912609,0.1373995060431655,0.09830857326868846,0.0,0.0,0.0,-1.4605389568831408,0.5508834032421521,0.5087665715235673
2019-06-05,SIM,efd41fec7d9d24fd,0.40582944210776434,1,-1.0424272021953993,0.2633289868055162,-0.275843223658729,-0.2703765071057236,0.04729301254548232,-0.9707644175654231,0.6701297055953406,0.0,0.0,0.6701297055953406,0.8927160667327754,0.3775130563479065,0.5294771953019526
2019-06-07,SIM,efd41fec7d9d24fd,0.39390802918208945,1,-1.7125168425624246,-0.8814199464368382,0.15054289341210683,0.4481482372282816,-0.10561750197139744,-0.9583299863443355,0.8538612420620928,0.8538612420620928,0.0,0.0,-0.050353495260518626,-0.4566434927881999,0.6400120981316717
2019-06-09,SIM,efd41fec7d9d24fd,0.4611402734357567,0,-1.1384102128348228,-0.5282703319655804,-0.046865722996421826,0.6046532784661487,0.9465694919225717,0.2625107412754725,0.08620368068351775,0.0,0.0,0.0,-0.011159348059992774,0.9055173021405454,0.7129675093455676
2019-06-11,SIM,efd41fec7d9d24fd,0.4541432884852177,1,-0.5656569545628707,-0.9763273709568099,-1.1591783127676982,-0.36314090088195644,-0.8380542074210738,0.5997522155790523,0.1711962264532466,0.0,0.0,0.0,0.17577233216255225,-0.6808557981749136,0.6696955302099056
2019-06-13,SIM,efd41fec7d9d24fd,0.4248657169733699,1,0.3960148104685003,-0.4072228896744431,0.9105771576816369,-0.7738758312330205,-1.1756756276923794,0.1764533454989362,0.18672769452896276,0.0,0.0,0.0,-0.12431725290041769,0.43960686876721977,0.8772718988219312
2019-06-15,SIM,efd41fec7d9d24fd,0.47692747388288936,0,0.004809518259369816,0.03219304651686064,-0.2309607968529735,-0.020849942785691918,-0.5212490765915286,0.7529120696840376,0.17004649017774975,0.0,0.0,0.0,-0.4446268147176932,-0.12510530779010087,0.8332988888847663
2019-06-17,SIM,efd41fec7d9d24fd,0.4524312242222546,0,-0.605017300104994,-0.049823723419974625,0.4208793820493296,-0.5603660851714841,0.4772858226997847,0.2817222947131283,0.19892037847813543,0.0,0.0,0.0,0.5232133423898286,0.7859172749193893,0.9418603432270342
2019-06-19,SIM,efd41fec7d9d24fd,0.5329634878472899,1,0.3920118740453273,0.1324388360096171,0.40000902292969787,1.2583202993859506,0.029665823408565502,0.6237585733061077,0.05090667912509244,0.0,0.0,0.0,0.5520837410756028,-0.2267137414607773,0.6197105544246144
2019-06-21,SIM,efd41fec7d9d24fd,0.43829050196580593,0,0.10282945964740597,-1.3553199192839587,0.5262772400728898,-0.1249144320942063,0.3456078955821605,-0.6190087996727254,0.0832866424366605,0.0,0.0,0.0,-0.6009709343675711,-0.848584709788306,0.6875760536714404
2019-06-23,SIM,efd41fec7d9d24fd,0.4287045669852601,0,-0.8557142278556705,-0.3117881386174157,0.1681191048270427,-0.735417397530309,-0.28371532890926515,-0.25585937052038454,0.1158213143353045,0.0,0.0,0.0,-0.8267435436239946,-0.34877041581497586,0.655807011954745
2019-06-25,SIM,efd41fec7d9d24fd,0.4686440996936727,0,-1.502292316131476,-0.761987535483214,-0.7670346470420822,0.2762086982905802,-0.5062117292046547,0.8353462050038344,0.19433919293107177,0.0,0.0,0.0,0.41059757881057585,0.1600947477777984,0.44428500960641243
2019-06-27,SIM,efd41fec7d9d24fd,0.41527542760841085,0,-0.8511144430454922,-1.3495317409859195,-0.09296933864115864,-0.43301374025758976,0.41193512480625466,0.806628269040016,0.1591276860970617,0.0,0.0,0.0,-0.03845812071444468,0.4498453987409665,0.6663495011328109
2019-06-29,SIM,efd41fec7d9d24fd,0.4595802532628723,0,0.28977222667931746,0.1060177327934877,0.6409663691882048,-0.5189338733986554,0.12758472942647636,0.32906120387706744,0.04712149811629765,0.0,0.0,0.0,0.11667798126356058,-0.8159356666985751,0.9406931051338142
2019-07-01,SIM,efd41fec7d9d24fd,0.484079828502564,0,-0.22835659713175266,-0.34062156408623423,-0.6108830954945974,0.4645386270368681,-0.3081673147788658,-0.5804224973167417,0.17890228500980088,0.0,0.0,0.0,0.11819105986946335,0.1557523134947721,0.5872191900893587
2019-07-03,SIM,efd41fec7d9d24fd,0.4389786671297288,0,-0.664834555978794,-0.20449355236515188,0.5679305275943672,-0.4874465047706934,0.05142068393351152,-0.27094041641681266,0.18804428606083987,0.0,0.0,0.0,-0.1081959133747178,-0.12750293426931927,0.8925485341258088
2019-07-05,SIM,efd41fec7d9d24fd,0.5018194940399623,0,-1.3578094507171588,-1.065889112126583,-0.22849177181434824,0.34978534880817064,-0.27086915753978064,-0.3635654671123713,0.7919711714609623,0.0,0.0,0.7919711714609623,-0.04155473142426284,-0.4234163849814537,0.5084543962734707
2019-07-07,SIM,efd41fec7d9d24fd,0.5354360901745044,1,0.43296963747810463,-0.8001981444952929,-0.2926879327286848,0.0363869268541043,-0.33054986938518455,0.08692654807895919,0.0878727842806087,0.0,0.0,0.0,0.021752971327976378,-0.5657802792234882,0.4154211966619034
2019-07-09,SIM,efd41fec7d9d24fd,0.4805217452205829,0,-0.21371452598619334,-0.7285855324492432,-0.5727672797008472,-0.10282187029241996,-0.634806700438584,-0.9187290134179769,0.16113496701221505,0.0,0.0,0.0,0.00258471039305155,0.41065086090404557,0.6601897753267303
2019-07-11,SIM,efd41fec7d9d24fd,0.46835714498934633,1,-0.17912879783930902,0.7178617764362893,0.5511485865797205,-0.3066463930176854,0.1938939402496448,-0.45636940817525345,0.19076060068442224,0.0,0.0,0.0,-0.2628495420247886,-0.22429161031722591,0.6935855753930201
2019-07-13,SIM,efd41fec7d9d24fd,0.5075184868471295,0,-0.21370466467350713,0.42367330272711906,0.047101356795866814,-0.25622427173424156,-0.5046435323344131,-0.39246893078194295,0.09430416091618124,0.0,0.0,0.0,-0.12352840734116072,0.011520197090111846,0.5369207478985321
2019-07-15,SIM,efd41fec7d9d24fd,0.508206613304654,1,0.10379519609835419,-0.7869922974083509,-0.46270813521545917,0.49027197979535697,0.8180924293282757,-0.054605178960307914,0.10262489401157525,0.0,0.0,0.0,0.0321800263825679,-0.581699883729214,0.45544917254235173
2019-07-17,SIM,efd41fec7d9d24fd,0.5342536123673843,1,-0.006225413570897523,-0.7215718085622588,-0.009044624530864962,-0.696753281262676,-0.20125684792053877,-0.05866612709304495,0.021454962871001015,0.0,0.0,0.0,-0.7696685868507047,-0.16631685013318612,0.5168077921745502
2019-07-19,SIM,efd41fec7d9d24fd,0.47363493172008075,0,0.22272132600057631,-0.0836533263984097,-0.2821196885549898,-0.7302572711210419,0.23442107779334118,-0.5149709832595131,0.17395461288371047,0.0,0.0,0.0,0.42767861177972416,-0.4530893139264623,0.41329365264678014
2019-07-21,SIM,efd41fec7d9d24fd,0.4729580457816076,1,-0.42652879520936215,-0.781028392422475,-1.059983295843189,-0.4770609575816554,-0.38586425035537636,1.0275753234658358,0.08664968948378038,0.0,0.0,0.0,0.6351403086874988,-1.5363568218977006,0.6953783155979967
2019-07-23,SIM,efd41fec7d9d24fd,0.5257503944779256,1,-0.10878606811656492,-1.1975957131844217,-0.6271115568950444,0.0071187139594267234,0.179809578210974,-0.5920738279893203,0.5152991825828099,0.5152991825828099,0.0,0.0,0.30672056747137694,-0.14478512538721894,0.8600138367426992
2019-07-25,SIM,efd41fec7d9d24fd,0.46765986274388055,0,0.03880735437657168,-1.0550094383063748,0.36357788499523147,-0.48927379866613285,0.2771480381833679,0.721069247318957,0.12517909425217577,0.0,0.0,0.0,-0.06715700236406037,0.12178013157205542,0.9023457686591482
2019-07-27,SIM,efd41fec7d9d24fd,0.48798452472020665,1,0.38440185008498123,0.32458846090376003,0.32177315750804036,-1.197327707022131,0.43750922454610486,-0.5872609231865253,0.013237376766373621,0.0,0.0,0.0,0.3838887880427759,0.2924332639106589,0.7837407794691487
2019-07-29,SIM,efd41fec7d9d24fd,0.47470504818317627,0,-1.7923420035607887,-0.9824807057381582,0.2691668233637308,-0.31240049382187873,-0.6713133054306851,0.15280876276239438,0.1298393803071479,0.0,0.0,0.0,0.182843241145063,0.503215387332766,0.532015478398847
2019-07-31,SIM,efd41fec7d9d24fd,0.4936045141822426,1,-0.40283829612326494,-0.5259091956493425,-0.08568140244714705,-0.07133173781836397,-1.041723399412331,-0.43548791046217283,0.1328646010797783,0.0,0.0,0.0,0.013690845842158085,-0.0024725387190910244,0.9766400167780147
2019-08-02,SIM,efd41fec7d9d24fd,0.46467221605524334,0,-1.0498538529395147,0.1619669072271258,-0.3851549659795233,1.4138338146582696,-0.2794366548963333,0.21095390945176495,0.09300133220464975,0.0,0.0,0.0,-0.3405906239499257,-0.11556025144029256,0.687611996013083
2019-08-04,SIM,efd41fec7d9d24fd,0.4831400221872978,0,-1.1719257463434798,-0.11230590477638,-0.17592300955052798,0.7615304650112977,0.5142260388247568,-0.8253791819617645,0.10715397709606667,0.0,0.0,0.0,-1.1795670277658894,-0.014708971916387262,0.6945616818936787
2019-08-06,SIM,efd41fec7d9d24fd,0.4697070052918151,1,0.40814957342209335,-0.25928785590768777,-0.3424757019834298,-0.01808677337144179,0.44293265879901794,0.1649353497253684,0.12151100482944831,0.0,0.0,0.0,0.5417128743440122,-0.689775431515875,0.42940885034322673
2019-08-08,SIM,efd41fec7d9d24fd,0.5294952545018218,0,0.16003546774119629,-0.0811361435208423,-0.6927083997672542,-0.024373296256076003,-0.47927185135522743,0.016411668370109513,0.0012888379549356622,0.0,0.0,0.0,-0.22128221493237213,0.3891777305282536,0.6655615478252741
2019-08-10,SIM,efd41fec7d9d24fd,0.5572136478000804,1,0.26479993540680036,-0.43770942549696035,0.4873636224920588,-0.21873612981896737,0.13547107923978816,-0.21926477258797192,0.08599697490424021,0.0,0.0,0.0,0.4643183720379923,-1.0233541490972482,0.9529670658268194
2019-08-12,SIM,efd41fec7d9d24fd,0.5466781696792294,1,-0.3257945461379079,0.72180446288289,0.5085347954392773,0.4157534368484968,0.7811931147839004,0.2536201361592174,0.05044305384619785,0.0,0.0,0.0,-0.22374292995281422,-0.1858356982278628,0.6819898257015479
2019-08-14,SIM,efd41fec7d9d24fd,0.524091933579631,1,1.3744074206815247,-0.7812168335175472,-0.5839421728976782,0.5874276440674269,0.24365653023817077,-0.486092887416397,0.15243416159559897,0.0,0.0,0.0,0.3389469296615256,0.5521471035049571,0.8549645536037536
2019-08-16,SIM,efd41fec7d9d24fd,0.5683991873901564,1,0.943317932492505,0.15478802768638464,-0.2926402853150798,-0.7408664592209191,-0.4489330847037356,0.08115079034107134,0.19651038391621323,0.0,0.0,0.0,0.3486279587833558,0.410684008349079,0.9247095830897956
2019-08-18,SIM,efd41fec7d9d24fd,0.5772757141385293,0,0.7107265918732173,0.7099247891598155,0.2599739535354932,0.2337601658569062,-0.3956686820769499,0.34206488265746077,0.19641074242796597,0.0,0.0,0.0,0.17578089540586708,-0.8428605910053107,0.43950401926098703
2019-08-20,SIM,efd41fec7d9d24fd,0.5496822023587483,1,1.6121794757680572,0.00042408349378125765,0.03300265820723655,-0.2584227296825616,0.6939197766328113,0.27002760936059683,0.15568061976956427,0.0,0.0,0.0,-0.43832350115087376,-0.7666909079613737,0.7360812854270516
2019-08-22,SIM,efd41fec7d9d24fd,0.5180817802124997,1,1.383638303780756,0.32414673774842845,0.5579806775764884,0.2543838391702518,-0.5021952138661421,0.0957007933490276,0.08671009448731731,0.0,0.0,0.0,0.2708430799062472,-0.25199266453874625,0.9577789458973058
2019-08-24,SIM,efd41fec7d9d24fd,0.580316922313673,1,0.760419667734769,0.3693639915446604,0.509803132470884,0.26323278631873115,-0.5718135158743272,-0.5722572588702395,0.8690782026830524,0.0,0.8690782026830524,0.0,1.048183760081876,-0.5878307092195585,0.7006875908604824
2019-08-26,SIM,efd41fec7d9d24fd,0.5559316856798602,1,0.6402122994986955,-0.38755980900897935,0.4197239225383656,-0.48996822054984346,0.07458367825217165,0.5055703482845835,0.034989057195574616,0.0,0.0,0.0,-0.09788343303107115,-0.08537847994145494,0.9297537659987903
2019-08-28,SIM,efd41fec7d9d24fd,0.5522264717451203,1,0.2655868098771639,0.6564090464566719,0.21506917817392443,0.05393571854146212,-0.2362159425547866,-0.02863588307223742,0.19455318126278695,0.0,0.0,0.0,-0.29277327494331506,0.167304230770766,0.8904387093439867
2019-08-30,SIM,efd41fec7d9d24fd,0.5396993568563099,0,0.08794862353855565,-0.7154545881651445,-0.437218051260438,0.08452849262930211,-0.5615618993618842,0.1817425046250778,0.0028193080753395,0.0,0.0,0.0,-0.014007025721080897,0.2938144981929841,0.6642614236317494
2019-09-01,SIM,efd41fec7d9d24fd,0.5601247448313883,0,0.7570832851292602,-0.7528997414563169,0.7105780323784398,0.09393414761007378,-0.5981715258515664,0.640080768590786,0.8021166055016098,0.0,0.0,0.8021166055016098,-1.1362617644146331,-0.5169683017348415,0.6737557948572187
2019-09-03,SIM,efd41fec7d9d24fd,0.5341074970301627,1,1.41855550550534,0.9607862519931788,0.46664565174803213,0.18846455663102651,-0.12971579926432597,-0.12780594884083585,0.7308445749756538,0.0,0.0,0.7308445749756538,-1.2684773816500268,0.03997517478006623,0.6314950631275593
2019-09-05,SIM,efd41fec7d9d24fd,0.5445985415050111,0,0.3167196853676472,0.03408648360874794,0.002307435614522194,-0.6797852801750925,-0.07938486729876255,0.592300508067536,0.17832434106577988,0.0,0.0,0.0,0.10890514546658481,0.4337428337477642,0.43132410463195814
2019-09-07,SIM,efd41fec7d9d24fd,0.5774046112182283,1,-0.02976979471262442,0.22919211354363372,0.47659319012286155,0.6604326437221054,1.1350561972185962,0.41332914737100396,0.5977580506858974,0.5977580506858974,0.0,0.0,-0.04496656612735492,0.5368915075463336,0.45497503535162337
2019-09-09,SIM,efd41fec7d9d24fd,0.5332773413749609,1,1.3210363514890864,0.3611653484410327,-1.395353931351718,0.07392190561617082,-0.8626799117613672,0.04394215532819892,0.04616242815290779,0.0,0.0,0.0,0.1383610321063852,-0.6334163290791025,0.5290779378382167
2019-09-11,SIM,efd41fec7d9d24fd,0.5066488626673407,0,-0.3782006602667654,-1.1948313658917387,-0.46751423824895283,0.48361170060437336,0.5578062004048548,-0.273397808018696,0.035808999695267164,0.0,0.0,0.0,-0.042418982019053156,1.2736233552188116,0.806386081118358
2019-09-13,SIM,efd41fec7d9d24fd,0.49149839666462086,1,1.1667657230157844,-0.5960900322561489,-0.6267981198347817,0.36673421822628766,0.3845122184553697,0.6635410198373713,0.1917141937987468,0.0,0.0,0.0,-0.2029259196012688,-0.6793957335541586,0.44915606559786697
2019-09-15,SIM,efd41fec7d9d24fd,0.4767201926187567,1,0.9468146907065467,-0.280983330247776,0.5777432124446561,0.1820615948726409,-0.1743313624785304,0.008120277070793182,0.10096332496114079,0.0,0.0,0.0,0.491833874151391,-1.1750540392015825,0.47268054841444307
2019-09-17,SIM,efd41fec7d9d24fd,0.49037639126277627,1,0.16446728192091914,-0.18169970947933278,-0.5221942639754945,0.6397994248257235,1.127379519089903,0.6379074015288377,0.7148244894067158,0.0,0.7148244894067158,0.0,0.059192373258671264,-0.043138799964861786,0.4130113900032675
2019-09-19,SIM,efd41fec7d9d24fd,0.5283341621348563,1,0.6647138768063897,0.2387910159769704,0.028516765983576286,0.43199651894326624,0.26665243173670294,-0.3818444396371826,0.12568952682799536,0.0,0.0,0.0,-0.29368840179880523,0.6582879991675168,0.8376224892199824
2019-09-21,SIM,efd41fec7d9d24fd,0.526118698148954,1,1.3120673370785203,-0.13534793014335325,0.6542740053433493,-0.9596743276063043,-0.19201445754065227,-0.27688848530073507,0.06806699642837198,0.0,0.0,0.0,0.058304645592474266,0.3989942900831848,0.7453927560879605
2019-09-23,SIM,efd41fec7d9d24fd,0.5016618249935303,1,0.5723763011146765,0.9127002652189666,-0.5362713231372405,0.019799608420941032,0.5737153497710639,-0.4001582349409608,0.013203467718353457,0.0,0.0,0.0,-0.1575027949726944,-0.11318351522203954,0.733078567930127
2019-09-25,SIM,efd41fec7d9d24fd,0.5096408084063585,1,0.2997759292052888,0.7243649919963919,-1.054081621868182,-0.010293137178641299,-0.3746162594487456,0.3730563697733191,0.043572884306923236,0.0,0.0,0.0,-0.5093029166287342,-0.4504733781441357,0.7795138504978825
2019-09-27,SIM,efd41fec7d9d24fd,0.5658242557094282,0,0.014756429424293727,-0.09834864874133942,-0.404491957565231,0.6949089091384245,0.4488595673306714,-0.4313455408016163,0.1186793598173736,0.0,0.0,0.0,-0.008828901874619577,1.0302218745591916,0.9475172719834954
2019-09-29,SIM,efd41fec7d9d24fd,0.5258090771183667,1,0.6937204460225332,-0.5935530668403999,0.7135904085754335,0.1826723349382417,0.7805565070957975,-1.2472988044279605,0.5824980545801134,0.0,0.0,0.5824980545801134,-0.13652189615841703,-1.250293533593156,0.8279674711834104
2019-10-01,SIM,efd41fec7d9d24fd,0.45038493898540566,0,-0.742993893528331,0.29461171145299947,0.3887652694125024,-0.1852117408027312,0.8355976512530903,-0.2909830903151871,0.15476628710415574,0.0,0.0,0.0,0.18034618792695498,0.4881648765999495,0.6621365832906021
2019-10-03,SIM,efd41fec7d9d24fd,0.457466509471527,1,0.39845206537737365,0.5243704697943931,-0.3189524308876804,-0.6618031218233356,-0.09869774943930004,0.3895689021074225,0.08554159645862192,0.0,0.0,0.0,0.4000289935333864,-0.6676802108833038,0.9885806924329027
2019-10-05,SIM,efd41fec7d9d24fd,0.4338241128778525,1,-0.2827194692388826,0.23414414236376144,0.18940839908145418,-0.0020809957070896676,-0.6553180978296429,0.26017173448731756,0.175419785235385,0.0,0.0,0.0,0.38525782243978696,-0.30314181615612806,0.7232474836146243
2019-10-07,SIM,efd41fec7d9d24fd,0.520844425365614,0,-0.2522343092662503,0.27049768553934045,0.9477984913175209,-0.08822264879435465,-0.06830973550623386,0.2392018650147542,0.01500672880971612,0.0,0.0,0.0,0.3930810391231745,0.1891955392403613,0.4852912989190551
2019-10-09,SIM,efd41fec7d9d24fd,0.5206710650602114,1,1.10431036426029,0.49187498279461717,0.18641092543603838,-0.2700977281876566,0.33883768223876465,1.1634302705765127,0.06193876589942644,0.0,0.0,0.0,-0.37614048715436876,0.05672175175310915,0.77694781694904
2019-10-11,SIM,efd41fec7d9d24fd,0.5044709015689194,0,-0.9392907911758716,0.46893888372659526,-0.3234919432761429,-0.5808258358348027,0.46755659615096207,0.9807849416334583,0.06806649397922804,0.0,0.0,0.0,-0.2212601597551689,-0.43260494395188426,0.7900377065019009
2019-10-13,SIM,efd41fec7d9d24fd,0.49903864135220555,1,0.7259953794458525,0.1778581423181092,1.0163348250319095,-0.06537169733066536,0.39252313163894914,0.24442748585666949,0.14483166697270244,0.0,0.0,0.0,0.029377556128802572,-1.003156764726346,0.4661666311898353
2019-10-15,SIM,efd41fec7d9d24fd,0.5183612461679311,1,1.3821152508288856,0.5871269436682585,0.8578126977765517,0.14109173940733255,0.8816629833617292,-0.0840507812124256,0.11683908555992353,0.0,0.0,0.0,-0.42573977908343236,0.2174292424444307,0.48853017476223626
2019-10-17,SIM,efd41fec7d9d24fd,0.5341436410178783,0,0.8013082751627799,-0.2935746267960331,-0.04303117815345958,1.2246977215835722,0.32881795268177866,-0.8722273420321226,0.1638780525665455,0.0,0.0,0.0,0.4893939036162052,0.3594638545009902,0.5932752360859499
2019-10-19,SIM,efd41fec7d9d24fd,0.48707629501661687,0,1.6357840271863002,-0.5900236858876686,0.08913204336585892,-0.004667234505717303,0.3850883119382291,-0.1691084063170247,0.006221059771069637,0.0,0.0,0.0,-0.22155979476732737,0.643099234426847,0.9211328785797303
2019-10-21,SIM,efd41fec7d9d24fd,0.49840798148352516,0,0.4511036369878826,0.2284309812357363,-0.13429521032218555,0.1431777870297324,-0.6579088156449511,-0.9456676319939537,0.18670160944239256,0.0,0.0,0.0,-0.880445835661327,0.25704848446629136,0.8336751194639471
2019-10-23,SIM,efd41fec7d9d24fd,0.4744989589319183,0,0.6231195755142075,0.8732808312118077,0.08617639050737849,-1.0690502550744054,-0.4043384081700969,-0.5491237082670704,0.0037326480148108356,0.0,0.0,0.0,0.05933438987539179,0.5523874083070902,0.7739690327037139
2019-10-25,SIM,efd41fec7d9d24fd,0.4556020100797525,1,-0.543418451426398,0.7095911309880184,-0.31999707506644814,-0.03280035303806742,1.1852361396518463,0.4665288938952824,0.13157537023089963,0.0,0.0,0.0,0.6312720149222452,-0.6512258279930915,0.9728725094227432
2019-10-27,SIM,efd41fec7d9d24fd,0.4852803744742578,1,-1.0056777879131544,0.29499421175735185,-0.6313214565763738,0.291445749857679,-0.35276704601923664,0.6255567617550588,0.05353022942178749,0.0,0.0,0.0,-0.0366317728230022,0.2241551943822286,0.9360835273938125
2019-10-29,SIM,efd41fec7d9d24fd,0.4522248930580785,1,-0.1361881986534677,-0.7004673602549099,-0.5614125384709363,0.22106908886485716,0.6529403582523146,-0.9262178811558504,0.11074403108594269,0.0,0.0,0.0,-0.15797711488760233,0.028820018448691264,0.4529732098736096
2019-10-31,SIM,efd41fec7d9d24fd,0.4699962522311243,1,0.004171740654055567,-0.5545071937553177,-0.08593874307560856,-0.08206462476609108,-0.37095703564014865,-0.07938243749193646,0.07685435087986754,0.0,0.0,0.0,-1.0657678164102602,-0.4218247196674455,0.6023683924557627
2019-11-02,SIM,efd41fec7d9d24fd,0.40970804426859503,0,0.14054654671445105,-0.21418406829057002,0.11375523099469183,-0.16068963912710246,-0.5698415025982829,-0.35520316130419993,0.1788571244504119,0.0,0.0,0.0,0.11489889365106373,0.5445170048356517,0.4484888689020925
2019-11-04,SIM,efd41fec7d9d24fd,0.44516129961109213,0,0.21107880614562513,0.05226608450367737,0.4866756402959533,0.5410853553840239,0.06196259140801182,-0.07795793133978532,0.04959541008508037,0.0,0.0,0.0,-0.48666667884073345,0.4910957466426957,0.46523519911940997
2019-11-06,SIM,efd41fec7d9d24fd,0.47811641062464116,0,-0.45193232766474845,-0.528076256871687,0.03669388661236069,0.2830211569074873,-0.5153914922763783,0.18945905630450338,0.11533334483714366,0.0,0.0,0.0,-0.5363646667819144,0.29949129099242233,0.5223116589514085
2019-11-08,SIM,efd41fec7d9d24fd,0.4810626278674316,0,-0.13740091883662056,0.5397823003907855,-0.030215331462495703,0.24733675342822742,0.9663989678587189,0.809726331513035,0.18362875368457798,0.0,0.0,0.0,0.6513259980337074,-0.7030173325832088,0.7932153348153289
2019-11-10,SIM,efd41fec7d9d24fd,0.5291608906876331,0,0.05950087662949701,-0.047272440362021946,-0.44010960885278816,1.2517500460887885,-0.0938054475312333,0.17351981732532692,0.06222253962747031,0.0,0.0,0.0,1.5719704202696512,-0.19568733641052186,0.8886783774558009
2019-11-12,SIM,efd41fec7d9d24fd,0.4908795130188002,0,-0.744802081693976,0.2556777603496907,-0.4807803843449103,0.6009295267613465,0.8607175340541813,-0.7957659800677925,0.1593727903214428,0.0,0.0,0.0,0.8768141270402041,0.21578348337575218,0.4397454105425426
2019-11-14,SIM,efd41fec7d9d24fd,0.4952143297306861,1,0.3584825305289547,0.6450305666691952,0.5152452654948544,-0.10830009038043016,0.4360192694724096,0.24498539880291673,0.1827088324016694,0.0,0.0,0.0,-0.3386239297736737,0.1459714362848061,0.41124858691188204
2019-11-16,SIM,efd41fec7d9d24fd,0.5013466554371332,1,0.16167282480913206,0.35515572278721685,0.3078567234703469,-0.9770234213343744,0.1278042362378369,0.7413680834372088,0.046272932852400576,0.0,0.0,0.0,-0.7448124935090658,0.12016507506998333,0.9065408888042032
2019-11-18,SIM,efd41fec7d9d24fd,0.4793116867493342,1,0.284715524284613,0.370156561141368,0.5698004657047793,0.47620164524005554,-0.5069977329600749,0.3253830180397715,0.06971840091141045,0.0,0.0,0.0,-0.049412305867199,-0.47896702307669736,0.44777765816031073
2019-11-20,SIM,efd41fec7d9d24fd,0.46497423643674857,0,-0.12488712075417793,-0.636399408569839,-0.5951488291064914,-0.9180237895342354,0.21312205308526877,1.0376915415483419,0.10941057431848321,0.0,0.0,0.0,-0.07763662785711002,-0.6877763081367625,0.7651268330994634
2019-11-22,SIM,efd41fec7d9d24fd,0.46947640080015274,0,1.337523365726149,0.08305570196137968,-0.4222472846043118,-0.1980110389091901,0.08472440733570138,-0.27513432440705693,0.041553282016202946,0.0,0.0,0.0,0.36963781326969636,0.6818601439139568,0.8024900338174539
2019-11-24,SIM,efd41fec7d9d24fd,0.512288014408903,0,0.40507563750876246,0.04234621822396675,-0.10980072142458991,-0.5455832855014908,0.11631860911779454,0.012113919426528839,0.07723716705338433,0.0,0.0,0.0,1.2539420362258842,0.48581372316458205,0.848431901527887
2019-11-26,SIM,efd41fec7d9d24fd,0.5198801281663201,1,1.0655366146649705,0.9922660038220283,-0.09736535995717016,0.32818334431894003,-1.0988680154233654,0.2748045693496092,0.075264720445895,0.0,0.0,0.0,0.28462406105040683,-0.12021955382372401,0.5625916204879194
2019-11-28,SIM,efd41fec7d9d24fd,0.5122580359408696,0,0.5684482347665603,0.6035410303679021,-0.05937593153456535,0.47792531207925426,-0.5060686314876468,0.2023659870769637,0.1865592829700219,0.0,0.0,0.0,-0.5196414166939607,0.6320898329800139,0.5186254489134763
2019-11-30,SIM,efd41fec7d9d24fd,0.5221952542705468,1,0.2503783068654366,0.3465359481847754,0.4410253462783186,-0.0795095900317033,-1.5064349840387083,-0.8742047408204967,0.17011131577303154,0.0,0.0,0.0,-0.12892183223771841,-0.20033126289518238,0.9459457017227937
2019-12-02,SIM,efd41fec7d9d24fd,0.523271228884659,1,1.0969361123116994,0.09456662864258014,-1.222988729499827,-0.7827095358759195,0.40615960582289823,-0.34879994527411734,0.059337694248323296,0.0,0.0,0.0,-0.07979889701063063,-0.271437187706469,0.5034692523051753
2019-12-04,SIM,efd41fec7d9d24fd,0.5182213480050109,0,-0.07623159067086027,-0.5664182754485908,0.12578351018476971,-0.07351586914790309,0.9365934389131277,0.7517376951587758,0.5751225595404228,0.5751225595404228,0.0,0.0,0.4931882801124172,0.6631148643790168,0.5212333089446854
2019-12-06,SIM,efd41fec7d9d24fd,0.5596776636734502,1,1.4759514987959552,0.5341863006585404,0.4953897797147656,-0.24972838247286192,0.4281032628282628,-0.1376961189503396,0.09146607874768603,0.0,0.0,0.0,-0.34012334665884036,-0.09127768373241606,0.7179794503309171
2019-12-08,SIM,efd41fec7d9d24fd,0.5018724628309855,0,0.2755662062500721,-0.006017089128393993,0.10941889491146266,0.6869841742454125,-0.3663398581705284,0.06331804216268218,0.15364033281852016,0.0,0.0,0.0,-1.214248344126552,-0.7141984474485819,0.43133408861095845
2019-12-10,SIM,efd41fec7d9d24fd,0.5577841484176916,1,0.9939689308749322,0.30483695133383837,1.0177011907770108,0.263188681765388,0.39663544994360905,0.4227886302974021,0.9816237822971169,0.9816237822971169,0.0,0.0,0.42489696834678303,0.3411010396831112,0.8531644799441183
2019-12-12,SIM,efd41fec7d9d24fd,0.5638495693249277,1,1.9926436614533543,-0.36336553213724665,0.16268603894731898,0.2283755742566483,0.1278289889381288,-0.09777378284936152,0.16602780671171125,0.0,0.0,0.0,-0.1467393701227579,-1.327432756321243,0.606447950677589
2019-12-14,SIM,efd41fec7d9d24fd,0.6028814121650572,1,1.695528283412862,0.143076428568906,0.11565573295500507,-0.981938676684091,-0.013859418430306452,-0.507165933829391,0.9561275396009786,0.0,0.9561275396009786,0.0,0.008339011085952619,0.5602499220975278,0.7739722931891895
2019-12-16,SIM,efd41fec7d9d24fd,0.5971959739877736,1,1.7192618552655876,0.47029806422856707,0.542125606492616,-0.19858728132332928,0.5369710934042031,0.7220960787635247,0.18155638419604234,0.0,0.0,0.0,-1.1212205025040738,-1.4461252681848091,0.7953392090777274
2019-12-18,SIM,efd41fec7d9d24fd,0.5905448261582255,1,1.0384635895605143,0.9021067841098688,0.23175561555607468,-0.5808121991057704,-0.0057210755089977085,-0.7547957844467861,0.00825996086099583,0.0,0.0,0.0,-0.45016012149104867,0.5695645443221354,0.760569952881911
2019-12-20,SIM,efd41fec7d9d24fd,0.5808725747749616,1,1.6396465417572554,0.8111588979965176,-0.3610099865552378,-0.14300638483606787,0.5336291453816594,0.8388697018307122,0.1784682059562529,0.0,0.0,0.0,0.28027866411557284,-0.6650430314913279,0.848427149440645
2019-12-22,SIM,efd41fec7d9d24fd,0.5885728857091985,1,1.5000038384542915,1.1234604714600591,-0.3210361636994737,0.7631277673683619,0.46824680595871027,-1.0155543199523636,0.028842307738439366,0.0,0.0,0.0,-0.6679851688353543,-0.5763592687879765,0.49606687285525863
2019-12-24,SIM,efd41fec7d9d24fd,0.5540648754982507,1,1.101397350450719,0.14375561875915588,-0.35895260100881293,-0.06596670126794664,-0.40385601702734564,-0.3511833657800029,0.13549940995577922,0.0,0.0,0.0,0.5376702075575645,0.9226502175017307,0.9221051350410422
2019-12-26,SIM,efd41fec7d9d24fd,0.5854957070479524,1,1.2075229288988125,1.699925679917707,0.46342084776635833,0.31072198123383366,-0.45859477523040615,0.3653622186524853,0.10250658219536049,0.0,0.0,0.0,-0.10901129414573209,-0.3292540070339234,0.4930140141931218
2019-12-28,SIM,efd41fec7d9d24fd,0.541014868364376,0,0.5512140415058118,0.2877875908595926,0.753575261339744,-0.524695609974512,0.7886244041418747,-0.4705779966090249,0.12414281823138347,0.0,0.0,0.0,0.7009122467096411,0.7605212933039776,0.6703689978313067
2019-12-30,SIM,efd41fec7d9d24fd,0.5411375837635813,1,1.2269694708510135,0.5104762393580615,0.27776487751301426,-0.4434959299506488,0.2755380584333767,-0.5967612063698925,0.14102889370225644,0.0,0.0,0.0,0.18870670070877568,1.1893526242489236,0.75799434353036
2020-01-01,SIM,efd41fec7d9d24fd,0.5661978460986775,1,0.7703370351981096,0.8981430664857045,-0.007945589279015917,0.1923431185692348,-0.5391088349559028,0.5206073486562777,0.1439049568071685,0.0,0.0,0.0,-0.5826958014019326,0.7874287454078336,0.7765288420216321
2020-01-03,SIM,efd41fec7d9d24fd,0.5613237716868245,1,0.726626769928854,0.4221873996368147,0.44754329542299726,0.06566884330019905,0.029534428525197064,0.7856028228445264,0.05571996757534339,0.0,0.0,0.0,0.19250232519973215,-1.393659387143156,0.6878682641214251
2020-01-05,SIM,efd41fec7d9d24fd,0.5091010437551269,1,0.6640136520158249,0.30810872161516734,-0.3218734833735699,-0.35191761795533294,0.3468419525058119,-0.15979049910602572,0.16595787192611552,0.0,0.0,0.0,-0.11425694489496273,-0.8113318646134908,0.7975940341638422
2020-01-07,SIM,efd41fec7d9d24fd,0.5048848182431237,1,1.2636610455485386,-0.1576338747185907,0.24243267339275207,0.8031950456760435,0.3036162448886538,-0.1881501263614877,0.03675680150253986,0.0,0.0,0.0,-0.5712212601854477,0.4102923142275302,0.529962804522313
2020-01-09,SIM,efd41fec7d9d24fd,0.5385907457632299,0,0.5250887385260389,0.32959988041341626,0.18735529303198745,-0.4712442491331072,0.8346718879771265,-0.17628339544810936,0.08531554276496747,0.0,0.0,0.0,0.035457190292143295,0.5541181724993393,0.6515243186173495
2020-01-11,SIM,efd41fec7d9d24fd,0.4741420918412471,1,-0.3073263727797295,0.4370933937950272,-0.43002763342307737,-0.5092326639287045,-0.01835761574045699,-0.6461809067909604,0.01750957862017193,0.0,0.0,0.0,0.8018036591232469,-1.0688543716209276,0.4933071341529622
2020-01-13,SIM,efd41fec7d9d24fd,0.5043087104667524,1,0.5988878590528613,-0.696683416977329,-0.7051750183539767,0.41634789284712376,-0.23580457115257503,-0.44784307472607576,0.18346522978967555,0.0,0.0,0.0,-0.4285604430260658,0.7759206676933575,0.960510370583855
2020-01-15,SIM,efd41fec7d9d24fd,0.4933864196330823,1,0.7486851343067256,1.3457104144054555,-0.083962753956592,0.7059008502330314,0.3373169997907971,1.3566046384412613,0.11238861750644608,0.0,0.0,0.0,0.6228319391049131,0.5089696984468914,0.6904810883624106
2020-01-17,SIM,efd41fec7d9d24fd,0.5087396312596147,0,0.22200842906660212,0.764775429726184,-0.6120487895798646,-0.015478697639768198,0.3673399467540434,0.28006441152533706,0.042895597913547516,0.0,0.0,0.0,0.23001641702978448,-0.29405813934344466,0.976856589234204
2020-01-19,SIM,efd41fec7d9d24fd,0.48666202191890834,1,0.8719589260768911,0.12496491846480752,0.403505112758772,0.3221847058104353,-0.09063337036985492,0.3740202730549664,0.0836344234194957,0.0,0.0,0.0,0.3283782400719808,-0.7726888400775459,0.7659982644587866
2020-01-21,SIM,efd41fec7d9d24fd,0.4659519101015888,1,0.5621983709384617,-0.34368098933823793,0.061336032943322974,-0.2877826898060338,-0.904811408658327,0.2390994345575028,0.18811923168520642,0.0,0.0,0.0,0.051690255868461,0.45896032056075137,0.5762746978724229
2020-01-23,SIM,efd41fec7d9d24fd,0.4775424986213883,1,0.4541060303667014,0.5352844682968685,-0.17429393174375923,-0.5687775459890361,-0.23113486122885235,-0.30470067209714613,0.5135007194405362,0.0,0.0,0.5135007194405362,-0.3408641031350556,0.3315023542119527,0.73182575244036
2020-01-25,SIM,efd41fec7d9d24fd,0.4870148517287585,1,0.08566561593431221,0.4527099720432459,0.2507086573001972,0.018987986299800745,-0.8520442444668943,-0.6237857267679996,0.11561494720326426,0.0,0.0,0.0,0.1613138875710156,-0.5838985010302583,0.4568429676937072
2020-01-27,SIM,efd41fec7d9d24fd,0.49982696521944303,1,0.479294150944759,0.10074461573987248,0.5309495666530237,-1.0282226798066172,1.1588963795021887,-0.6307835992840468,0.15116257624463122,0.0,0.0,0.0,-0.5778224479629432,-0.2820868559154034,0.8597009551465444
2020-01-29,SIM,efd41fec7d9d24fd,0.4803212358369446,0,0.31992285882428007,-0.7911958572241516,-0.1578104565279286,0.19243238091808768,-0.12424036057617625,0.045287433571061714,0.06759905338617825,0.0,0.0,0.0,0.7866424142403353,0.002066159974047853,0.529449709063554
2020-01-31,SIM,efd41fec7d9d24fd,0.4755781563484014,0,-0.8860335348095233,-0.4912344291533851,-0.03849768610032597,-0.5219382187393314,-1.0253405085665381,0.5208338047429044,0.043798816983838654,0.0,0.0,0.0,-0.9173486021466585,0.12328823845688051,0.6788160184848409
2020-02-02,SIM,efd41fec7d9d24fd,0.4082542869991439,0,-0.8951303196947349,-0.5279368683914772,-0.33803119392857056,-0.588699205221685,0.3828712179391491,0.3950884887752514,0.15037522774919113,0.0,0.0,0.0,-0.3556647206889558,0.24996259512601096,0.48948103575287943
2020-02-04,SIM,efd41fec7d9d24fd,0.49865398851245024,1,-0.11936625042417535,-0.02400112320375221,-0.3062364123383932,-0.0909377849613736,0.22426822601944876,0.8106827206240296,0.04619900090964311,0.0,0.0,0.0,0.407391342959271,-0.28697744898879546,0.4235563541831781
2020-02-06,SIM,efd41fec7d9d24fd,0.4359620583358896,0,0.7416305969069166,-0.8347864699141458,0.6724561928197255,0.23618685294214425,0.9770088499536195,0.16798674561582552,0.13121687543441687,0.0,0.0,0.0,0.052377219095254245,0.10543860856235851,0.9479778434915579
2020-02-08,SIM,efd41fec7d9d24fd,0.45739580252075207,1,-0.4433405904704724,0.22371574320789056,-0.14810088176875139,-0.16617407002040854,0.9050961411795031,0.04110140819559092,0.023505816084493848,0.0,0.0,0.0,-1.4981780197457797,0.0019085199280397787,0.9864149982466622
2020-02-10,SIM,efd41fec7d9d24fd,0.4579625978189466,1,0.23717782680487534,0.5577392859525901,-0.23924052962084097,0.5435725090611909,0.2835182527560306,-0.058098829884186694,0.13410237131709887,0.0,0.0,0.0,-0.20303259538751453,-0.2620121427480375,0.9517983577542956
2020-02-12,SIM,efd41fec7d9d24fd,0.504200079003867,1,0.32272965680294785,0.3039557674664028,0.6843678496543207,-0.6193413563136365,0.7863359847020196,-0.5465577446438102,0.11365923329225816,0.0,0.0,0.0,0.16883616103689197,-0.08124454604494233,0.6109415385130215
2020-02-14,SIM,efd41fec7d9d24fd,0.5031857700836287,0,0.6012989440517664,0.09307376024899325,-0.008223193010205401,-0.17578872721595437,-0.3649921522793008,-0.059532835623449964,0.12923688921939233,0.0,0.0,0.0,1.051071779925275,-0.6271380141637618,0.8030870707691421
2020-02-16,SIM,efd41fec7d9d24fd,0.4882536723399779,0,0.25223006436583184,-0.09274171203915882,0.36158219785587076,0.3096459407406116,0.37073815381126074,-0.18209821860874925,0.09158382886915695,0.0,0.0,0.0,-0.07116102579789636,-0.2008207622294494,0.48746557214804015
2020-02-18,SIM,efd41fec7d9d24fd,0.48844571469680803,1,1.2849212859242882,-0.2282494353900537,0.3449121581525739,-0.12970652580188494,-0.39447728841062807,-0.6004515335908007,0.19391294874938128,0.0,0.0,0.0,-0.11244651332178876,0.41841684987949995,0.7368383572919912
2020-02-20,SIM,efd41fec7d9d24fd,0.47710255896176784,0,0.08437071928212586,-1.1539223277436483,0.018606855707611107,-0.2583176493393704,-0.03454731948274322,0.6024689275067072,0.7257325008089199,0.7257325008089199,0.0,0.0,0.611800746427068,-0.599277974075563,0.5005728765025125
2020-02-22,SIM,efd41fec7d9d24fd,0.5382014973770642,0,0.21246133151752555,0.4464571218763423,-0.5242918281118437,0.0928524372791879,0.3088842553530953,0.32144565934110775,0.14334417014305237,0.0,0.0,0.0,0.34927013302856064,0.2001009154727558,0.9074452477268178
2020-02-24,SIM,efd41fec7d9d24fd,0.4691723061460049,0,0.2096727528782508,-0.017795879701396622,0.2979291657655261,-1.2404164855393864,0.12857882189080863,-0.6142644025794506,0.12456598822946546,0.0,0.0,0.0,0.05457050839164784,0.1861156355920404,0.6188859996731934
2020-02-26,SIM,efd41fec7d9d24fd,0.44990839772295715,0,0.14904721685961939,-0.5427074567859395,0.16995384821229328,0.24422920904998277,0.11882601446928297,-0.24083490803621507,0.05706537895103186,0.0,0.0,0.0,-0.741864142834042,0.6882604410428405,0.6310404330473028
2020-02-28,SIM,efd41fec7d9d24fd,0.49127084665683013,0,0.5140545992721557,-0.7522136817770219,-0.9375346643784197,-0.11272739404931761,-0.38619719511107853,0.6213525547435964,0.01876204269736963,0.0,0.0,0.0,-0.39531682098947135,-0.4349459451044203,0.7380383260515313
2020-03-01,SIM,efd41fec7d9d24fd,0.4647149858248441,1,-0.41421290709883263,0.06866780574889281,-0.06794329481821584,-1.2682223302013191,-0.08925215439169296,0.7797343865194577,0.1533924158458313,0.0,0.0,0.0,0.0205426029982411,0.3477284791607425,0.9963175269952425
2020-03-03,SIM,efd41fec7d9d24fd,0.41805875556755423,0,-1.3861881477861475,-0.24180987211987834,-0.01768055010741627,-1.0843940392355598,-0.3155979607876866,0.3101500468639458,0.07062588586809769,0.0,0.0,0.0,0.059605105821648185,0.1462287026585352,0.8525942551183511
2020-03-05,SIM,efd41fec7d9d24fd,0.4586033208648701,0,0.3839769750525562,-0.7712368635809196,-0.9701974094685055,-0.09471298712661426,0.10216479489070346,0.08883712409751583,0.050440375310929514,0.0,0.0,0.0,-0.4642903950079598,1.3148408330134782,0.43497629568424956
2020-03-07,SIM,efd41fec7d9d24fd,0.44449712467429564,1,-0.16437266085647248,-0.1472146306316568,0.04675304969231487,-0.5831548755902387,-0.527199770200696,-0.10269781820988776,0.15447446755281627,0.0,0.0,0.0,-0.268908568622915,0.14190513198198887,0.8437405626072287
2020-03-09,SIM,efd41fec7d9d24fd,0.4339022251496371,0,0.04313869040668175,-0.4102973335839161,-0.030561291835985264,0.4493273552682502,0.29335810018762776,0.10141840257045716,0.08927693154280783,0.0,0.0,0.0,0.1184017845415277,0.9037144955973728,0.8920044370586749
2020-03-11,SIM,efd41fec7d9d24fd,0.48887391288291715,0,-0.13833907796692615,0.24781249267592806,-0.6769305712956718,-0.6191098258101215,-0.6231568983200548,-0.07362335994688492,0.0908821016212253,0.0,0.0,0.0,0.8455172425923488,0.8916069289101771,0.6485218896397342
2020-03-13,SIM,efd41fec7d9d24fd,0.44627651505429367,0,-0.2617100667117437,-0.5586500037361875,0.5733353457092304,0.3739288719559184,-1.2895750600792126,0.8223243079988297,0.1493602295409687,0.0,0.0,0.0,-0.6721590832219858,0.6366341456239275,0.8375925343339055
2020-03-15,SIM,efd41fec7d9d24fd,0.48706558670574834,1,0.43210288928224805,0.8205863149936706,-0.5304372811304383,-0.5530708600143458,0.7741079036401878,0.34522156166176604,0.10012293742684496,0.0,0.0,0.0,0.10241818352691719,0.40025142025034327,0.7517893488187807
2020-03-17,SIM,efd41fec7d9d24fd,0.4749977846997985,0,-1.0959092195917417,0.45702137039681556,0.23936274691088363,-0.02395630712404019,1.5258858732550917,0.036150054614748184,0.09658554378233836,0.0,0.0,0.0,-0.7467168850159123,-0.2760488557320713,0.6695742020927495
2020-03-19,SIM,efd41fec7d9d24fd,0.4768777013202186,1,-0.34837145812723813,-0.3009598352120946,0.3485637448410945,-1.1497033851936367,0.6247651180652894,-0.4672112909079827,0.0008878693202147847,0.0,0.0,0.0,-0.17343009726547964,-0.08286604725082032,0.7750048267092708
2020-03-21,SIM,efd41fec7d9d24fd,0.48004920009341645,0,-0.9601550166322419,-0.02898642631282866,-1.4493183049934781,-0.16094859010596144,0.1592861405634332,0.5629607901284874,0.18213367952603252,0.0,0.0,0.0,-0.32511024696512586,-0.7288802005167417,0.8396817924647458
2020-03-23,SIM,efd41fec7d9d24fd,0.5049367312843531,1,0.0674817518799467,0.8321513230445567,-0.47183230301214485,0.654389895109153,-0.2194849808882016,-0.030958866986093153,0.10501328116493894,0.0,0.0,0.0,-0.15717903224475888,-0.22137138068663886,0.9867875777498135
2020-03-25,SIM,efd41fec7d9d24fd,0.5048605960608846,1,0.2596814264382957,0.8848055821441905,0.436343025561926,-0.3609312139966184,0.09482740361848462,-0.19925638537869814,0.045272152142222424,0.0,0.0,0.0,-0.5043654615822002,-0.7453749910666891,0.6111007980358295
2020-03-27,SIM,efd41fec7d9d24fd,0.4976670146733181,1,1.6278116516766616,0.2958589161119116,-0.07327170898799414,0.5371525872770343,-1.1119311429427223,-0.08603666308384975,0.05673293724680231,0.0,0.0,0.0,-0.41726668307146825,-0.1688804448870734,0.9551692785238648
2020-03-29,SIM,efd41fec7d9d24fd,0.4823470965946477,0,-1.057801549781652,0.9886079979973132,-0.8517770540000699,-0.28334034253798684,-0.16744646045362696,0.352187431966577,0.018980330741940634,0.0,0.0,0.0,-0.05766860516521006,-0.7789854416095344,0.5078713209696798
2020-03-31,SIM,efd41fec7d9d24fd,0.4459597218831254,1,-0.7351878138019575,1.127885922453682,1.0075762781049038,0.2889330410229648,1.0479182621542904,0.10913255729450083,0.1683285372822157,0.0,0.0,0.0,-0.7009771417493733,-0.4250527455371477,0.9000429750549974
2020-04-02,SIM,efd41fec7d9d24fd,0.5062064656229144,1,0.21945455467593944,0.7125764033693975,-0.7272710113286477,-0.4801713309082439,-0.2741068949356729,-0.772185699130723,0.010168161841947422,0.0,0.0,0.0,-0.5645772656435565,0.06478747834493828,0.925918266114383
2020-04-04,SIM,efd41fec7d9d24fd,0.48638170029412603,1,-0.44935599213738525,-0.16084999090162574,0.3535111838323829,0.15401396493857267,0.689621241608356,-0.1955403672572734,0.18275620231913975,0.0,0.0,0.0,0.021083959910802894,-0.28976638973509744,0.6046421310183923
2020-04-06,SIM,efd41fec7d9d24fd,0.4832939672522938,0,0.40988100240608616,0.011989249140949343,-0.3694828793282075,0.1443266864326308,0.23167993169910547,-0.21912667434780106,0.9234454202586363,0.9234454202586363,0.0,0.0,-0.20398281028705426,-0.5090709014020056,0.6092679255372859
2020-04-08,SIM,efd41fec7d9d24fd,0.5115846895645958,1,-0.05766915550519114,0.5593639908669086,-0.08847025670964383,-0.1971089944502305,-0.14523793009286468,1.0918621729154272,0.1998701276878337,0.0,0.0,0.0,-1.099546994633394,0.4032891671295756,0.5046478749480316
2020-04-10,SIM,efd41fec7d9d24fd,0.5074753906753424,1,-0.27041270769717785,0.11130202619781389,-0.2271946768517363,-0.38098817998882706,0.667368477492054,0.3072046235647502,0.018196954822785383,0.0,0.0,0.0,-0.18449733029004653,-0.7138232612589435,0.8901714704143424
2020-04-12,SIM,efd41fec7d9d24fd,0.5069302027875958,0,-0.1270602759366969,-0.10601356480215501,0.644378008235116,-1.299295569143701,0.10319935860815586,0.343330471510908,0.19936929791652033,0.0,0.0,0.0,0.9107387789021728,0.5605243386657272,0.6939457072664613
2020-04-14,SIM,efd41fec7d9d24fd,0.5296188567117799,0,1.797865097856787,0.1960916982721972,-0.24469121585075465,0.09074623940269211,-0.41059421445785743,0.03805051065021443,0.1239397509725079,0.0,0.0,0.0,-0.47313521067748676,0.2859965135956659,0.8259828304202768
2020-04-16,SIM,efd41fec7d9d24fd,0.47059313846005235,0,-0.5092954076044759,0.5377619824525423,-0.021558564030720814,0.06198061399131248,-0.7120724536373638,-0.24584488908490723,0.5909892722861875,0.5909892722861875,0.0,0.0,0.30713721392606735,0.04544919135248614,0.5737618496308474
2020-04-18,SIM,efd41fec7d9d24fd,0.49179733088902794,1,0.47679366659460454,1.1146407158306495,0.43175638016904644,0.9540593067357415,-0.8407933524784481,-1.7168598909197048,0.11485603078299296,0.0,0.0,0.0,0.5391417510151889,0.47804683083280086,0.8195125322897794
2020-04-20,SIM,efd41fec7d9d24fd,0.5021109394722394,0,-0.5749756984158036,1.2552897393759093,0.2401961359338913,-0.14352947562351892,0.05667601937055436,-0.18199151852841833,0.13323060753093355,0.0,0.0,0.0,1.5685755025571098,0.4818290291889111,0.673689176929719
2020-04-22,SIM,efd41fec7d9d24fd,0.5313464281891894,1,0.009553217496438338,0.22369741438682153,-0.5917276794088089,0.3444952951870217,0.6331055634473823,-0.38325285749370114,0.14676209133392268,0.0,0.0,0.0,0.024141596538093047,0.013519886879528304,0.5771143441666524
2020-04-24,SIM,efd41fec7d9d24fd,0.544472950535164,1,1.023066877020603,0.7670474099627553,0.03635245266401049,1.0132385176397378,-0.13476951426260306,0.9478618810490939,0.13320464566134535,0.0,0.0,0.0,-0.14607388217532175,-0.8857774346340521,0.4340266975269734
2020-04-26,SIM,efd41fec7d9d24fd,0.522711165818972,1,1.0162314213300805,-0.19607083168781775,0.16216286320314788,-0.8324624812293089,-0.037102653672119304,0.4452072629071603,0.017355772062935617,0.0,0.0,0.0,-0.31460598036438103,0.6832939538635564,0.7929354124897927
2020-04-28,SIM,efd41fec7d9d24fd,0.5607352195349404,1,1.2524713028631624,-0.29186304467109725,0.6871754028114343,-0.3696508681506641,0.3240285707993149,0.37772628489091203,0.07274132663282476,0.0,0.0,0.0,0.09890231666034704,-0.12007540932285288,0.44368481975588303
2020-04-30,SIM,efd41fec7d9d24fd,0.49358241361620364,1,-0.35220110086322187,0.0341367673484288,-0.5193846669134043,0.28968097365462137,0.7377492038283974,-0.6578091232749964,0.11297836868062945,0.0,0.0,0.0,0.20267993791435596,-0.18728747199889625,0.9624388725167583
2020-05-02,SIM,efd41fec7d9d24fd,0.5125727716314786,1,0.2803874082743838,0.550525145438299,-0.08106405331477992,-0.3436611406913566,0.20715535303860286,-0.2770571240660601,0.1295014464789996,0.0,0.0,0.0,-0.021674750371904555,0.13818960578359363,0.5107000350179556
2020-05-04,SIM,efd41fec7d9d24fd,0.5597115189745179,1,1.2218439353927406,1.3159508377398332,-0.5406946211638259,-0.5265058171040866,0.6731684410978078,0.7331765568773095,0.1021089079823293,0.0,0.0,0.0,0.44464101972177666,0.6280785792277824,0.8959017500817951
2020-05-06,SIM,efd41fec7d9d24fd,0.5385452822374606,1,1.8323492335400715,0.1599525289656245,0.602942265357139,0.8621988199164292,0.20278492445600219,1.014001350241759,0.11716228781147875,0.0,0.0,0.0,0.295902599737162,0.4842017298715307,0.7024322719795246
2020-05-08,SIM,efd41fec7d9d24fd,0.4966777365384503,0,-0.5182760198642881,0.6175393056612615,-1.4136393588224048,-1.063550775506914,0.08238201412143381,0.8300723720815176,0.06686443966782406,0.0,0.0,0.0,0.3633984624444222,1.0534036113513936,0.9634961381580087
2020-05-10,SIM,efd41fec7d9d24fd,0.5360740889364384,1,1.3890962468589292,1.3334603155747073,0.4559213438322379,-0.07765654121184547,0.6094292927738341,0.18827638449381556,0.13168998448628316,0.0,0.0,0.0,-0.36963511169479124,0.31258485905231537,0.7042651256231481
2020-05-12,SIM,efd41fec7d9d24fd,0.46396638879136476,1,0.6090213617369602,0.981938921763907,1.3190495490193535,0.9121431479788967,-0.09228754882996722,0.34510912071153216,0.12273373785185232,0.0,0.0,0.0,0.22323348679608085,0.43212019228502263,0.5756933812285865
2020-05-14,SIM,efd41fec7d9d24fd,0.5103863609385216,1,0.1882416550558682,1.0749870502443746,-0.21536419814962585,0.5812946985413964,-0.053764003014308344,0.5448744179054674,0.038623855675266654,0.0,0.0,0.0,0.013226990103629098,-0.6255196697429338,0.7455355629007958
2020-05-16,SIM,efd41fec7d9d24fd,0.4842658853465305,0,0.6171719715279288,-0.2707284478502074,0.43734743509895,-1.1276354130356683,-0.040693873140043885,0.9635554026793868,0.0456036181918722,0.0,0.0,0.0,-0.7607928192740159,-1.006918910811177,0.6753161267348505
2020-05-18,SIM,efd41fec7d9d24fd,0.5479131682377021,1,0.555113121531685,0.3555411738806891,-0.12138829771452046,0.383395923088302,0.7017517060276434,0.5379831517010623,0.07900025013074052,0.0,0.0,0.0,-0.7672822384211228,-0.9762561021585614,0.5098736403559638
2020-05-20,SIM,efd41fec7d9d24fd,0.5036866016069091,1,0.23265223650384736,-0.5012362574625167,-0.044617008188602925,0.0996686951942451,-0.24574654659393513,0.09638125042697106,0.17161153080598995,0.0,0.0,0.0,-0.7236717465096203,-0.3668356842465092,0.6089862914019203
2020-05-22,SIM,efd41fec7d9d24fd,0.4938203139110886,0,-1.029510528555857,-0.09841096584072048,-0.8631662533162757,-0.20227735215528161,0.5243553749742002,0.8001974326893226,0.012744480084588596,0.0,0.0,0.0,0.2080340253707597,0.5863253095845354,0.6195679495803887
2020-05-24,SIM,efd41fec7d9d24fd,0.45984249814829853,1,0.26520341440782896,0.3125976528074276,0.15828363138911822,0.8822199654053938,-0.7104670499942036,0.6334523896759313,0.18612140634087182,0.0,0.0,0.0,0.08667068042688561,-0.4680250395289738,0.8695853557304569
2020-05-26,SIM,efd41fec7d9d24fd,0.46227500098240015,0,-0.4588230553297507,0.008468090051374971,1.046145828006755,0.6621350382970265,0.10019818742823491,-0.07351072529561098,0.1112703035312957,0.0,0.0,0.0,-0.5415704320491596,0.598274001619556,0.6220048296627679
2020-05-28,SIM,efd41fec7d9d24fd,0.4335589974105233,1,-0.057750627028864465,-0.08556690079917209,-0.17850710771481285,0.18687576163420033,-0.41300780455471187,-0.037552066775338,0.4857999481074103,0.0,0.0,0.4857999481074103,0.49135741093768814,0.5642750650602805,0.6865714500284787
2020-05-30,SIM,efd41fec7d9d24fd,0.42135325652747124,0,-0.6016785215649482,-0.34047416379696643,0.22738930115565908,-0.4593181527049937,0.4538986117279423,-0.04490105241104901,0.8450955168925913,0.8450955168925913,0.0,0.0,0.8693550902641468,0.13206899717146975,0.5991032946790565
2020-06-01,SIM,efd41fec7d9d24fd,0.45143053255218624,1,-0.06986498560413087,-1.0758168829215464,-0.016489596425317443,-1.0968798980664438,0.5355711963783781,-0.13373599607141354,0.17805432214693506,0.0,0.0,0.0,0.029183369407435468,-0.7206763811428057,0.6427983749671425
2020-06-03,SIM,efd41fec7d9d24fd,0.4498868977151422,0,-0.25658760504086825,-0.84296006149369,-0.10304837191891869,-0.29704253791194446,0.16012771116125263,0.47292750423211827,0.009534062125795795,0.0,0.0,0.0,-0.537066487616945,-0.83846618293846,0.6570192615275459
2020-06-05,SIM,efd41fec7d9d24fd,0.4804203401363972,0,-0.5774896663601979,-0.5491666425884731,0.023969037256948322,0.9731475117583394,1.5650692664286283,-0.2645115786665779,0.5912126099235879,0.0,0.5912126099235879,0.0,1.2050091593803793,0.7042674450047152,0.5134594833180935
2020-06-07,SIM,efd41fec7d9d24fd,0.4947288544065946,1,0.5644742837885569,-0.6466455499352473,-1.273018807531673,0.8323488709860904,0.41926960418053266,-0.22448125920151124,0.16030955038291528,0.0,0.0,0.0,-0.3452915916833616,-0.8548970157213779,0.8419377607076217
2020-06-09,SIM,efd41fec7d9d24fd,0.474514871679627,0,0.014555304278153935,-0.46381784788664393,-0.36610769965284184,-0.3237702494036823,0.5667120154341796,0.30663172773375785,0.07830978906173564,0.0,0.0,0.0,-0.9967036621323049,0.4774874203344858,0.8246131015878668
2020-06-11,SIM,efd41fec7d9d24fd,0.4677109865626667,1,-0.4964299179041091,-0.31370267379225225,0.7380427755511908,0.3530926963898155,1.0838748136671437,0.7089931303978458,0.1260377807136655,0.0,0.0,0.0,-1.0708109504464831,-0.695969364657629,0.5705978224041943
2020-06-13,SIM,efd41fec7d9d24fd,0.44731131245903044,1,0.25887009684050494,0.9424372483866498,0.7292837582608469,-0.23887673319185543,0.017824453938659012,0.026650422287249325,0.9239743203103161,0.0,0.0,0.9239743203103161,0.2630181367655954,-0.891563870835632,0.7078561497289811
2020-06-15,SIM,efd41fec7d9d24fd,0.4204462163145268,0,-0.301806775404466,-0.6513743591499616,0.7037752323340636,0.42035929723545995,0.5072154176140797,-0.14261004446555675,0.10676955025461553,0.0,0.0,0.0,0.004348720863362447,0.10349049280023578,0.7161401018698788
2020-06-17,SIM,efd41fec7d9d24fd,0.43442589168286083,0,0.6870441268492026,0.08901281120941719,0.6993376611363402,0.05407509286132947,-0.1564569502784983,-0.3649654945095759,0.11407857723061823,0.0,0.0,0.0,0.43249870492559134,0.44099338304291263,0.42086286103414244
2020-06-19,SIM,efd41fec7d9d24fd,0.48530500689336525,0,-0.7621071344191597,-0.3743332421058343,-0.4212765435930807,-0.1478802621340956,-0.0026489762729126074,0.03346160740689453,0.11135548193274764,0.0,0.0,0.0,-0.7896512111770734,-0.14986147860060067,0.8813866883719228
2020-06-21,SIM,efd41fec7d9d24fd,0.4891763455135493,0,-0.2161786713135463,-1.0505128824304624,-0.42097213503456543,-0.5961453666061108,0.661001381378307,0.6216568327989794,0.19805970431113473,0.0,0.0,0.0,0.4552521852941192,0.9104510197483542,0.7079805665323902
2020-06-23,SIM,efd41fec7d9d24fd,0.45424904935399885,1,-0.2122733391547982,0.6397865618749495,-0.11837413581692346,0.08089267235641694,0.10129433941744219,-0.3489028799045764,0.013275766035399351,0.0,0.0,0.0,1.0541451385473446,0.1935331501139694,0.7851700249578418
2020-06-25,SIM,efd41fec7d9d24fd,0.508369534390977,0,0.10672877436953199,-0.8172577656375738,0.26948266506889823,1.4167015840698245,-0.30363700999243637,0.20690415176448676,0.14513853612396055,0.0,0.0,0.0,0.4168913239317246,0.034926367326863925,0.762951754801259
2020-06-27,SIM,efd41fec7d9d24fd,0.484277052821774,0,0.6739699378136655,-0.049472569421422946,0.5351733822344052,0.1880682605839535,0.5792846590691245,0.11560969519476935,0.014467425326304207,0.0,0.0,0.0,0.6275239573867798,-0.10073753267355597,0.9608365697074827
2020-06-29,SIM,efd41fec7d9d24fd,0.4682481060652079,0,-0.38583051639948135,0.12117437439570117,-0.2800864053246313,0.8326860256555367,-0.2908411233189036,-0.19132664871051383,0.05204001313785194,0.0,0.0,0.0,-0.35915304659152303,0.2948472759278734,0.6980691071743801
2020-07-01,SIM,efd41fec7d9d24fd,0.42408897850003946,1,-0.8944121980170965,-0.5347665506374906,0.26915685840745285,0.22169738316273058,-0.5539308501595509,-0.29950904428873254,0.10416434236041194,0.0,0.0,0.0,0.7036484485243919,0.12600885405834875,0.5780172449606471
2020-07-03,SIM,efd41fec7d9d24fd,0.4117716267265446,1,-0.2837178287041985,0.054996540449823855,-1.180759876415206,0.19993915507062351,1.3427765311356603,-0.11862624078475717,0.1728409063223594,0.0,0.0,0.0,-0.1916368965436176,0.6397541877505186,0.5725846712120123
2020-07-05,SIM,efd41fec7d9d24fd,0.4659952680118212,1,-0.948648417018158,0.19708700625805287,0.6567515520541365,0.48273972690268235,0.6076733447417013,-0.28268331001958297,0.10064250840601566,0.0,0.0,0.0,0.04391811271855425,0.044976335875120205,0.8558618451633682
2020-07-07,SIM,efd41fec7d9d24fd,0.43289527954580304,1,0.16770418698127715,-0.9431731725017587,0.4523662653635142,0.3385429730883692,0.20876836331707346,-0.6818241592994101,0.02777695002181109,0.0,0.0,0.0,0.12480105024961853,-0.49575289394343325,0.4184036400111576
2020-07-09,SIM,efd41fec7d9d24fd,0.421223167301013,0,-0.5155657825677221,-0.7102577615845882,-0.38678467477492046,-1.577874615555905,-0.07291675995752789,-0.11381410501893498,0.05912183482425464,0.0,0.0,0.0,0.5165963543588573,-0.07048653438232448,0.4449989617731638
2020-07-11,SIM,efd41fec7d9d24fd,0.4121894362785393,1,-0.3141527116647505,-0.3030925712355891,0.005629035832163589,-0.4800188622862499,-0.43934333176784934,-1.1860874777981203,0.1594924795666308,0.0,0.0,0.0,-0.37278998876764324,-0.4472854975422178,0.8799264864618797
2020-07-13,SIM,efd41fec7d9d24fd,0.46102804460948626,0,0.009078534912955682,0.057501067958956736,0.08979865268092489,-0.5436362092281801,0.41952871214922666,0.16202190198858754,0.04007357698080567,0.0,0.0,0.0,-0.41200050965651147,-0.33479827825379144,0.74311138795587
2020-07-15,SIM,efd41fec7d9d24fd,0.4519085865572872,0,0.008727202528033773,0.298456170736775,-0.5050849881660081,0.08646664122235564,-0.45163535986601167,-0.422452902941076,0.1450912306578214,0.0,0.0,0.0,-0.23562217113653477,-0.8360644597922079,0.7234483256212607
2020-07-17,SIM,efd41fec7d9d24fd,0.38069833315540336,0,0.36083148829543177,-0.01196600043029139,0.1825234688968351,0.23778687926141692,0.5499530910325212,-0.905325401911654,0.1151203634225499,0.0,0.0,0.0,-0.34815465328069467,0.9967284839318339,0.7335405980230463
2020-07-19,SIM,efd41fec7d9d24fd,0.38753550785309393,0,-0.8737755069771911,-0.7116213026540157,-0.0376460032706969,0.17292874295599484,-0.33522879127255023,-0.5987744255806884,0.11285872645300621,0.0,0.0,0.0,-0.7077870850137236,0.34678208084312107,0.7469059138262498
2020-07-21,SIM,efd41fec7d9d24fd,0.4200407135510231,0,-0.6959637354224343,0.24762771412746526,0.1749091219405373,-0.2951868676932452,0.07935395635382175,-0.2715101158779351,0.0036367628575489697,0.0,0.0,0.0,0.7231512474909403,0.6105242740469958,0.9987553331734198
2020-07-23,SIM,efd41fec7d9d24fd,0.4266701578497308,1,0.21275018203030038,-0.1503904645924953,-0.35323352755364523,-0.17034438803054433,0.2907792553163372,-0.19735430670999324,0.023475896261004284,0.0,0.0,0.0,-0.6029565235227972,0.5970220372480409,0.4831734626420145
2020-07-25,SIM,efd41fec7d9d24fd,0.4085827244026639,0,-0.36447998115270425,-0.3326676708895716,0.23109946263805672,-0.07835407716225326,-0.5457894781359636,0.8188723702519556,0.15157004239167388,0.0,0.0,0.0,-1.1840551272418887,-0.723227106345068,0.6678586328389011
2020-07-27,SIM,efd41fec7d9d24fd,0.42926159510599843,1,0.40800594944454216,0.005356644603901589,0.5514718111195184,-1.0057651558849228,0.8526437062575543,-0.15274782454437638,0.08089173507498469,0.0,0.0,0.0,0.14681284564374997,-0.6632341184251442,0.5636337598061468
2020-07-29,SIM,efd41fec7d9d24fd,0.41455843952331906,0,-0.11257097452160975,-1.912341021290602,0.053121508044735824,-0.3251934190690722,-0.37562288735142485,0.13135636353351995,0.06899521199088457,0.0,0.0,0.0,0.6936075494801056,-0.6094205965559667,0.7469631376223385
2020-07-31,SIM,efd41fec7d9d24fd,0.42585752718064884,1,-0.9276484891535702,-0.5318303779208853,-0.17131449903408535,0.04869966753493688,-0.09523628817680034,1.1795711293237348,0.11752760397647795,0.0,0.0,0.0,1.2039934902616383,0.21986426281494015,0.8738932222824223
2020-08-02,SIM,efd41fec7d9d24fd,0.4481368869464732,0,-0.72489788874177,-0.9991877451608555,-0.07686718501114777,0.27204476504706193,-0.09138099414523673,0.4456668550885774,0.655163623333752,0.655163623333752,0.0,0.0,0.20513614660851792,0.3734827647246494,0.7590891180177008
2020-08-04,SIM,efd41fec7d9d24fd,0.43901225452907267,0,-1.0235341102691913,-0.16559654196464307,-0.006808662225931884,0.2736340062011386,0.3905454493302274,0.6209209979175204,0.09318235514181805,0.0,0.0,0.0,-0.34392547253136607,1.1715933747718101,0.42058803296459146
2020-08-06,SIM,efd41fec7d9d24fd,0.3791407973119537,0,-0.9783094109699249,-0.6388915232884025,0.16663976404377356,1.2522833920338143,-0.24176766528546678,0.27507689891202186,0.15179576571306852,0.0,0.0,0.0,0.6986912923625438,0.1570083801999144,0.476160365903334
2020-08-08,SIM,efd41fec7d9d24fd,0.4267104847931806,0,-0.6154136084425048,-1.2479583642434537,-0.4412915939417398,-0.3203340685975775,0.0770568702721093,-0.0960085680602107,0.07262945974853212,0.0,0.0,0.0,-0.07390221716408286,0.3313716657311483,0.5212189972632673
2020-08-10,SIM,efd41fec7d9d24fd,0.40438491806041743,0,-0.11476738755041777,0.5547057453579294,0.7088387001773411,0.5427285200641312,0.13290690728590956,0.05538226400334426,0.06297928508934647,0.0,0.0,0.0,0.554884119283908,0.02439157692746323,0.7140557684062194
2020-08-12,SIM,efd41fec7d9d24fd,0.4590242810547976,0,-0.7878607786623162,-0.24044086843686818,0.7845864395500762,0.9069590730634157,0.09621106316545096,0.5678479630589032,0.06609903356434935,0.0,0.0,0.0,0.43350971463870075,0.03231359169741874,0.8966839475976338
2020-08-14,SIM,efd41fec7d9d24fd,0.46498072052476275,1,-0.1800041093249785,1.0266256628328845,-0.6710311845485071,0.4162433619427413,-0.6614135442013696,-0.5768186862401846,0.12814040799270746,0.0,0.0,0.0,-0.37951454816867647,0.025896046100838403,0.7252868601214957
2020-08-16,SIM,efd41fec7d9d24fd,0.4841552736553275,0,-0.2717484251621952,0.05585250755031454,0.03227643105931174,-0.15628574973184525,0.9867068609973354,-0.5848949453096929,0.050705408102855204,0.0,0.0,0.0,0.39648349657832177,0.11827944836748808,0.9740425497031096
2020-08-18,SIM,efd41fec7d9d24fd,0.4217012614894092,0,-0.4175205323525114,-0.05596872592433927,-0.17550093344932696,0.1969585848332602,-0.6492772259955805,-0.2636808716476558,0.023462051199265567,0.0,0.0,0.0,0.8789172909845154,0.2205110388528097,0.6097553467619042
2020-08-20,SIM,efd41fec7d9d24fd,0.42918753657484027,0,-0.6223639742949996,-0.045896513147146906,0.5941385821961112,0.14207647282798094,0.44924479253284805,0.8669052670317563,0.11748291985608202,0.0,0.0,0.0,0.24471309308051886,0.37491992670056945,0.4433420155291099
2020-08-22,SIM,efd41fec7d9d24fd,0.3988449186116592,0,-0.9433369448404052,-0.5445526515922449,-0.30474696329932455,-0.43701263108455257,1.377497517636696,-0.08591621721419743,0.007892491730436157,0.0,0.0,0.0,-0.3674558349104189,0.43488198484720253,0.6254965690381622
2020-08-24,SIM,efd41fec7d9d24fd,0.4516395628906429,1,-1.8002243382073102,-0.5916843558058876,-0.2510617881286456,0.6486684224107441,-0.3882340629521702,0.05112616906914591,0.07999409214470427,0.0,0.0,0.0,-0.6401634287806278,-0.3460420474529635,0.6662588713931041
2020-08-26,SIM,efd41fec7d9d24fd,0.40648779927005363,0,-0.7931668751648138,-1.0018617943429446,-0.03404973830927446,-0.6117231055328832,-0.3748292931466023,-0.21678248916258283,0.17460833070219978,0.0,0.0,0.0,0.2593243745857566,-0.15020966515840448,0.6993061615102447
2020-08-28,SIM,efd41fec7d9d24fd,0.48289958426361923,0,-0.700006899661053,0.04500051365304997,0.07743953507403822,-1.549399991323225,0.43154752664449303,0.6905573957765254,0.11287526031281286,0.0,0.0,0.0,-0.7025719713733168,0.41685054952642697,0.49131965714522247
2020-08-30,SIM,efd41fec7d9d24fd,0.4443533785084149,0,-0.15720706531171702,0.40445250788178133,0.5573073064226829,0.4567805620227342,-0.2575606282341469,-0.6210998536680535,0.10995378096097284,0.0,0.0,0.0,0.2769196874785747,-0.047346621191171986,0.9032778079131096
2020-09-01,SIM,efd41fec7d9d24fd,0.42153234909984927,0,-0.8657459670235546,-0.31688717309924336,0.694763723342287,0.13218835499529932,-0.07077137862316991,-0.04340824024169765,0.016426467060315874,0.0,0.0,0.0,0.32549001309356573,-0.3748787466330012,0.46189843900292726
2020-09-03,SIM,efd41fec7d9d24fd,0.3913583441545223,1,-1.06873893450911,-1.019613150902536,-0.04438849556997358,-1.0084496052867704,0.7269739054478405,-0.1487026655906589,0.15000267924694263,0.0,0.0,0.0,0.05929223441395736,-0.8453805517007351,0.972912029459198
2020-09-05,SIM,efd41fec7d9d24fd,0.3884034391533743,0,-0.12111744546787218,-1.0388413334927515,0.05478614685587332,-0.8321045925740891,-0.21636214483721372,-0.4057270557934167,0.18192834623783521,0.0,0.0,0.0,-0.9458784368006641,-1.1675200106438437,0.6376273133675723
2020-09-07,SIM,efd41fec7d9d24fd,0.39790756758316254,0,-0.22789159823110144,-0.12032603113247975,0.0450681931639637,0.7755583647307043,-0.042542604065417634,-1.050503394159359,0.058043094172713965,0.0,0.0,0.0,0.04644933311458771,1.3762366506890644,0.9612540191134332
2020-09-09,SIM,efd41fec7d9d24fd,0.38008551552647385,0,-1.5846961327403823,0.21756606779091903,0.5467512602971782,0.6378825179700468,-0.23847311930980514,-0.5220152918713501,0.03724924332874615,0.0,0.0,0.0,0.14091701798127731,-0.41284551364091726,0.44123021557343234
2020-09-11,SIM,efd41fec7d9d24fd,0.37813476735434715,1,-1.8696937448926545,-0.27252110673188856,0.9301678518926323,-0.4625222316109988,-1.0746679788172209,-0.016288748358491815,0.18842649957598145,0.0,0.0,0.0,0.09427557986434094,0.9177940018603432,0.6662850199361601
2020-09-13,SIM,efd41fec7d9d24fd,0.3863583415503745,0,-1.2534561986405401,-0.23257122337313102,0.35081058261891607,-0.2749778429097237,-0.47276970532824836,-0.18319210556886809,0.9320420912756696,0.0,0.0,0.9320420912756696,0.20790293602331558,-0.7041857475107569,0.966397604732427
2020-09-15,SIM,efd41fec7d9d24fd,0.43044411602042054,1,-1.3290694103137657,0.10174953202528592,0.4112514715887513,0.1396582658836818,-0.035619416351526746,0.4053374363610311,0.07485400987398468,0.0,0.0,0.0,-0.9249563208841631,0.1919244008597107,0.6409002249134036
2020-09-17,SIM,efd41fec7d9d24fd,0.40465327023605074,0,-0.46593277638496705,-0.614079783206077,-0.6754729141440207,-0.4188612637424185,0.7919306606034554,-0.9213186388463835,0.13194630993823853,0.0,0.0,0.0,1.050415608395607,0.03942177572489984,0.9104670059228149
2020-09-19,SIM,efd41fec7d9d24fd,0.4059605385767371,0,-1.447946935427085,0.11890198432248578,-0.11478347144187882,0.17917649216206952,-0.9208920120478215,-0.3765958219637604,0.16336008258603554,0.0,0.0,0.0,-0.4543814132861103,0.535793806786925,0.9911696658213874
2020-09-21,SIM,efd41fec7d9d24fd,0.3976672376301531,0,-0.6006348959253804,-0.7086640125105521,0.5966162945910576,0.05955783948249803,0.41862258412701636,-1.097247655368745,0.12415012155673986,0.0,0.0,0.0,0.014137036538220625,1.0016038560160019,0.7100346572419562
2020-09-23,SIM,efd41fec7d9d24fd,0.4751504257890829,0,-0.045116895775869505,0.32241245978438987,0.2039011099010914,0.4329796643044927,0.016645336785247034,-0.16931213761236882,0.05107791673805791,0.0,0.0,0.0,1.138037417196171,-0.29673084531314525,0.7972861332679404
2020-09-25,SIM,efd41fec7d9d24fd,0.5014712597682891,1,-0.1267975701556198,-0.6533528476240438,-0.30267532424888466,0.4785875132875565,-0.5269527051673212,-0.24553462945627103,0.04835030680294383,0.0,0.0,0.0,-0.31660728427729073,0.5469008571475918,0.4378099673780038
2020-09-27,SIM,efd41fec7d9d24fd,0.4877647776676782,0,0.29668048268252917,-1.0430890892558862,-0.2970643993650919,-0.8459685249478155,0.32141074734730624,-0.42881351345546315,0.10885525401810037,0.0,0.0,0.0,-0.14908264516039677,0.6806214643542222,0.4636581511022796
2020-09-29,SIM,efd41fec7d9d24fd,0.44058812452827767,1,0.5406017418809046,-0.000819768128121956,-0.4913319101673948,-0.3845917714084845,0.8722634815831866,0.41448329531157907,0.07308765436821962,0.0,0.0,0.0,-0.10626552251838416,-0.6152445202592176,0.8241838627093214
2020-10-01,SIM,efd41fec7d9d24fd,0.49593441582520276,1,-0.22536787446234366,-0.4595557800932954,-0.4316876847329874,-0.09936417954754526,0.8953245842154509,-0.861312848434867,0.13317949892094064,0.0,0.0,0.0,-0.285845772375953,0.22041411269473868,0.6630640341379058
2020-10-03,SIM,efd41fec7d9d24fd,0.4795118143135506,0,-0.5582576113143319,0.5527920682558708,-0.17488668697086687,0.22511636732959023,0.7184635651129988,-0.6790294535605846,0.08848044413795249,0.0,0.0,0.0,-0.08851180159469196,0.7965753428683868,0.9556433171013307
2020-10-05,SIM,efd41fec7d9d24fd,0.4499118836458071,1,0.0383656636858927,-0.21771979956876933,-1.0860652793772752,0.547288285144346,-0.5861895385256124,-0.6076050562169657,0.04094217198032873,0.0,0.0,0.0,-0.28107582367769957,0.3770371130897521,0.5785766135112482
2020-10-07,SIM,efd41fec7d9d24fd,0.4756404257542761,0,-0.49833198383089283,-0.39463641289952933,0.27810820749600396,0.3941299015693347,0.22217439680899861,-0.2384304031900926,0.1459333604232229,0.0,0.0,0.0,0.42627835056115315,-0.020661109099410428,0.8613187079407737
2020-10-09,SIM,efd41fec7d9d24fd,0.4473178481579247,0,-1.0258035341763874,0.42164904124876124,0.2806398229058893,-0.684294137798653,-0.4548100133299572,-1.4278460564387088,0.026177494707629603,0.0,0.0,0.0,-0.0795561477889828,0.6580808541370607,0.9762504192788422
2020-10-11,SIM,efd41fec7d9d24fd,0.5136221929640801,0,0.41855790464606263,0.24397538238976815,0.27644220688469584,0.9950711237310846,1.0310628448176924,-0.2458090101264044,0.16014822783120958,0.0,0.0,0.0,-1.2464599848319053,-0.597779918671691,0.7991205046340031
2020-10-13,SIM,efd41fec7d9d24fd,0.48859472942944654,1,-0.14103399847205406,-1.232991545162936,0.5537470334914428,0.33296827875265894,0.12278503202706029,-0.252932310492638,0.19920638552054448,0.0,0.0,0.0,-0.9105443532735588,0.01990999711157051,0.6505084217178072
2020-10-15,SIM,efd41fec7d9d24fd,0.4780066369021445,1,-0.8783427555289994,0.22645900848430778,0.1048644459058796,0.23635868606995972,0.37758371634934174,0.10604726360469226,0.09874972606795558,0.0,0.0,0.0,-0.6645659506159683,-0.6032974942668051,0.5080401324222902
2020-10-17,SIM,efd41fec7d9d24fd,0.4818662691357548,1,1.1409136336834984,0.48118611372656567,-0.8656753604373368,-0.3198789219736574,0.005349540399639707,0.6906179869365575,0.16174427886133586,0.0,0.0,0.0,-0.15767243798261457,0.9018353670410956,0.5753727066717411
2020-10-19,SIM,efd41fec7d9d24fd,0.48922702519544076,0,-0.8455087762459284,-0.597955120969093,-0.24608776613839267,0.5266187035709122,0.5794285917537579,0.512716119102222,0.1603452468318658,0.0,0.0,0.0,-0.6403156783967606,0.5131210281346535,0.6723129087456478
2020-10-21,SIM,efd41fec7d9d24fd,0.5349845884179638,1,0.7677138977238009,-0.038563022212791453,0.25024220381399737,-0.369933362429637,-0.3300361424072735,-1.1441727192665525,0.13123785917652261,0.0,0.0,0.0,-0.011460589038278355,-0.5644217786792587,0.6429919081247535
2020-10-23,SIM,efd41fec7d9d24fd,0.554639257040966,1,0.5411508862011065,0.4109589613053035,0.6691826363201477,-0.42131387361039374,-0.4773266790700335,-0.27779502511827153,0.7458389157669854,0.0,0.0,0.7458389157669854,-0.24419163074761405,1.3321724423910708,0.827141679907664
2020-10-25,SIM,efd41fec7d9d24fd,0.5551736739315946,1,0.5383515775919672,-0.08566361366785308,-0.05351899745610806,-0.21580672739386253,-0.21764064457468366,-0.31829945701877066,0.0811077839186257,0.0,0.0,0.0,0.5250355296047016,0.8134503417194264,0.8818584678609546
2020-10-27,SIM,efd41fec7d9d24fd,0.515328456550554,1,-0.3573950878137502,-0.07685637963995479,-0.5885438962130733,-0.19609089330673438,0.0008617384125778538,0.5825082593439027,0.1233079477361041,0.0,0.0,0.0,-0.41053642393613143,-0.021676520702115707,0.4703274968375694
2020-10-29,SIM,efd41fec7d9d24fd,0.4925551286561972,0,-0.6077125945139721,-1.3153981926901501,-0.2266363825009465,-0.13844511170768878,-0.29611122832871095,0.13441197872820473,0.6053632568769668,0.6053632568769668,0.0,0.0,-0.13347900868201726,-0.08193665288769601,0.4015268873023117
2020-10-31,SIM,efd41fec7d9d24fd,0.574205194066399,1,0.4739225019803338,1.204830359114986,0.22398771037871149,-0.16952099348683877,0.5815768400860171,0.8487036966586818,0.18330184690594203,0.0,0.0,0.0,0.30828832458609523,-0.9268177400019263,0.614704735136557
2020-11-02,SIM,efd41fec7d9d24fd,0.5936318160618032,1,0.7822061648755062,0.8817066321372733,0.8490961204691587,0.2108197763840431,-0.07920544063824686,-0.46222397842273427,0.15463292783468174,0.0,0.0,0.0,0.45474627351330693,-0.39387612204333594,0.5198036828692962
2020-11-04,SIM,efd41fec7d9d24fd,0.5541548805293799,1,0.06020593914643846,0.9635046473660247,0.13878599703725153,0.42909930445862077,-1.0277542438671479,-0.014126958282994878,0.018961616861866662,0.0,0.0,0.0,-0.010344367212528807,-0.22884261983607906,0.5358733499755317
2020-11-06,SIM,efd41fec7d9d24fd,0.5398219298257076,1,1.0119847279785512,0.6934797209198306,-0.11138491082321496,1.0035390386271945,-0.5722562394068929,0.19456042472622567,0.09306883547905186,0.0,0.0,0.0,-0.7454063627867485,0.7585620595127194,0.6293854314487448
2020-11-08,SIM,efd41fec7d9d24fd,0.5796404942746873,1,0.8666391271650976,0.2811506960377681,-0.6298827945540273,-0.21137297355772752,0.5915896072514499,0.564781351269929,0.03867001498792642,0.0,0.0,0.0,-0.27145647357846714,-0.4094774718217652,0.8988711271710457
2020-11-10,SIM,efd41fec7d9d24fd,0.5875403112115086,1,0.6352072570261627,0.5990669652516205,-0.7677472232599667,-0.3219750926086705,0.13008582589184814,-0.1637958993531062,0.14679517069148437,0.0,0.0,0.0,0.06527777313567114,0.06868227748952005,0.9832194602047628
2020-11-12,SIM,efd41fec7d9d24fd,0.5926701758441046,1,1.1610712706315474,-0.1415210108413703,0.8683392132863161,0.4380263461434335,0.3304048351855417,0.4534156094651918,0.13969869198186313,0.0,0.0,0.0,-0.703270523357477,-0.07764838258138626,0.9363933084869676
2020-11-14,SIM,efd41fec7d9d24fd,0.6109703439395905,0,-0.16166594335190543,0.35560537303901385,-1.179847472178446,0.587285946475538,0.6675670547236872,-0.6373375369190126,0.8055549731985057,0.0,0.0,0.8055549731985057,0.2536102735983062,0.5364793460481113,0.8261212519411547
2020-11-16,SIM,efd41fec7d9d24fd,0.5641094746730689,1,-0.3047354926233177,0.2795944705249188,-0.01001677796285704,-0.31035024018436574,0.06185814967491409,-0.15945018223203153,0.04983912757955853,0.0,0.0,0.0,0.6941591256747052,-0.22254364426613382,0.9916058688878282
2020-11-18,SIM,efd41fec7d9d24fd,0.567235192202808,1,0.1519829367800301,0.3407621420042224,0.7824579894836969,-0.9422446955838291,-0.10239335398992623,-0.11515013501577134,0.18895895843454527,0.0,0.0,0.0,0.243533257330861,0.32550343303254753,0.5278795021277156
2020-11-20,SIM,efd41fec7d9d24fd,0.5112926273894034,1,0.004163370354684726,0.8223437253070585,0.566799280370158,0.8032571349963982,-0.4821660697221717,-0.20659085983859335,0.18820323669829428,0.0,0.0,0.0,-1.003759767488715,-0.8090165581856422,0.5863390395986874
2020-11-22,SIM,efd41fec7d9d24fd,0.5496681768761793,1,0.8613944567464329,0.01576036837095318,-0.2969561335180429,0.41009854852067756,0.5791862870623948,-0.2637683535250456,0.02867791096755854,0.0,0.0,0.0,0.19739325050869214,0.6589347470016088,0.8236973805010868
2020-11-24,SIM,efd41fec7d9d24fd,0.5415751503117336,1,-0.0854658587622773,-0.24304077677708547,0.18444552357842603,-0.29466166989284703,0.20228283464578403,0.3488649449601829,0.18772997691406898,0.0,0.0,0.0,0.3887032938607082,-0.2439245563091519,0.4144197477745311
2020-11-26,SIM,efd41fec7d9d24fd,0.5393896053539539,1,-0.6502839156050395,1.0542551471166273,0.177798949452208,-0.29016040271546417,0.26987876840317665,-0.0588794187602846,0.01804775003589205,0.0,0.0,0.0,0.0498425982968217,0.17790823009997636,0.9928692652501135
2020-11-28,SIM,efd41fec7d9d24fd,0.5460972779331026,1,0.397059932415611,0.23162748198402883,-0.0365372068099673,-0.4005857033021786,0.018256025798010236,-0.19128631508245716,0.009483344885651036,0.0,0.0,0.0,-0.4397931945819703,0.6475242283870786,0.5161295510309132
2020-11-30,SIM,efd41fec7d9d24fd,0.5815906495214075,1,-0.1710491412633135,0.7000716704035124,-0.6819806574467205,0.11589523003885455,-0.006045000850196988,0.009982165012120028,0.03645630155153619,0.0,0.0,0.0,0.33609309111329616,-0.7645872155618617,0.5216850821538784
2020-12-02,SIM,efd41fec7d9d24fd,0.5849256086625749,1,-0.08846446357920479,0.1956034961766542,-0.9904377026330645,0.13552100565633238,0.33563201449186464,0.4007173109616218,0.029767598756001948,0.0,0.0,0.0,-0.07264353631209962,0.5981433156521158,0.4539373081324356
2020-12-04,SIM,efd41fec7d9d24fd,0.5556100406831768,0,0.2868298061859955,0.3211935049427805,0.6521553710180213,0.20950937324009186,0.07172328201012172,-0.2678449177628928,0.16284526859617365,0.0,0.0,0.0,-0.08806672392072201,0.09193077950272721,0.9704176319749935
2020-12-06,SIM,efd41fec7d9d24fd,0.5951798298590502,1,0.5365326506229252,0.7082276040606637,0.2418571249634675,-0.06672529343088617,0.3249776102367113,0.5821189472913912,0.09164783329997216,0.0,0.0,0.0,0.183019113073983,-0.46413561568142436,0.6980410406102621
2020-12-08,SIM,efd41fec7d9d24fd,0.5589540914377122,1,2.4782268306761233,0.46530817079360953,0.24436584902678257,-0.3926328264638812,-0.2664461969539525,-0.7613744577996177,0.1542964635653579,0.0,0.0,0.0,0.4027442851166048,-0.4863981422626697,0.5248163836594413
2020-12-10,SIM,efd41fec7d9d24fd,0.5258193453294228,1,1.1358788188245859,0.4911432516300358,0.4293744838650083,-1.2291664791261896,0.8365700160666412,0.2041594361902203,0.04821930606962297,0.0,0.0,0.0,-0.48022027915752646,-0.6538578659631649,0.5747557128574987
2020-12-12,SIM,efd41fec7d9d24fd,0.5679479933480316,1,-0.664796610825936,-0.2327619080954617,0.38859000462141363,-0.12012206013794405,-0.07426499792088187,-0.5550358337929691,0.07028739920240588,0.0,0.0,0.0,0.1099479774859885,0.008561781317414023,0.9823363554376001
2020-12-14,SIM,efd41fec7d9d24fd,0.552572992900207,1,0.6144924823785527,0.17492991594322418,0.007410733860404732,0.33234354898847973,0.43048485862851155,0.3389810061184018,0.19107647184181387,0.0,0.0,0.0,-0.5928375887807152,-0.8323432202911988,0.46113622607467974
2020-12-16,SIM,efd41fec7d9d24fd,0.5914985716475678,1,1.0283004553272885,-0.165940834428417,0.20286336454609283,-0.1676638400852326,-0.2828968702588093,-0.698479814856259,0.05761385828557963,0.0,0.0,0.0,-0.5251832333044006,0.6112960417006414,0.9494957251984429
2020-12-18,SIM,efd41fec7d9d24fd,0.5746017684147435,1,1.217435856899735,0.9112246356231377,-0.843432895455731,0.6871715212577036,-0.20464604866057404,-0.5345252841260398,0.061665664768674855,0.0,0.0,0.0,-1.0076555957788085,0.4781421005903267,0.5717721139057265
2020-12-20,SIM,efd41fec7d9d24fd,0.5684162511589007,1,0.044228900599114385,0.15629843593255702,-0.04142458575084994,-0.5523645697446522,-0.5004212983709105,0.3250713678962005,0.06713704630743798,0.0,0.0,0.0,0.2346936716499696,-0.05341531279527341,0.6374720806777526
2020-12-22,SIM,efd41fec7d9d24fd,0.6016897881721613,1,-0.7035721819197537,0.735732405563515,-0.0647885964926366,-0.14315740170140842,-0.47179361711730666,-0.5133184547795734,0.06743198963455353,0.0,0.0,0.0,0.577453215641153,0.414855724074238,0.7449959944315965
2020-12-24,SIM,efd41fec7d9d24fd,0.5963807880170892,1,0.7419400166429205,0.8848567597218231,-0.80292203458345,0.157108916960159,-0.9463014843221629,0.7094591395701453,0.008663568935250087,0.0,0.0,0.0,0.2732792960046027,-0.948712043466957,0.6245030872332112
2020-12-26,SIM,efd41fec7d9d24fd,0.5861401335432067,0,0.9839048281702971,-0.17481488903367726,-0.49454253656038916,-0.029820929879455147,-0.9920831988236245,-0.8415550070122755,0.1924233403860993,0.0,0.0,0.0,0.5902545941640946,-0.7977081769782167,0.8170906268413932
2020-12-28,SIM,efd41fec7d9d24fd,0.5572263680076529,1,0.8836058965457323,-0.4393833057025054,-0.9202812035434966,0.3784053257793077,0.4563741518310359,-0.590369717359631,0.08909081132019935,0.0,0.0,0.0,0.2036394956684731,-0.1076512509201409,0.7697619412769732
2020-12-30,SIM,efd41fec7d9d24fd,0.5278856702271546,0,0.7995490230515442,-0.14003284587581702,0.5984055839796146,0.21442324186638073,-0.49304929567975797,-0.2889245148091502,0.060794682722441755,0.0,0.0,0.0,0.10379065387483188,-0.3226126994490941,0.40287187404961633
2021-01-01,SIM,efd41fec7d9d24fd,0.6016117085271129,1,0.7559617596922652,1.2987721220310964,0.09256482487872252,0.5453425295482013,0.3276201242773364,0.07297905716136897,0.13400387341776043,0.0,0.0,0.0,-1.4175477925453428,-0.29716001794709507,0.6366402585185117
2021-01-03,SIM,efd41fec7d9d24fd,0.5869326130851836,1,0.13283041710335075,0.15148809910874994,-0.6417078425704866,0.4962383738255653,0.02556793753374595,0.35480734829511984,0.08127399100599175,0.0,0.0,0.0,0.20198163580173786,-0.8074839887173131,0.433800387407692
2021-01-05,SIM,efd41fec7d9d24fd,0.5901467662852348,1,1.1868128287272046,1.2122226448712667,-1.2052579624655368,0.3176554473942305,0.06907373348609397,0.48171781573194555,0.028383168546732798,0.0,0.0,0.0,-0.9175646713495479,-0.47549055326783507,0.7090389258602611
2021-01-07,SIM,efd41fec7d9d24fd,0.5720367063402582,1,0.8676810209722938,0.4821164482964819,-0.2361871641903301,0.1574361491131952,-0.6846946075921837,-0.6372054302506815,0.1389193408083802,0.0,0.0,0.0,0.4039550918890063,0.7404184563085515,0.921942072992411
2021-01-09,SIM,efd41fec7d9d24fd,0.5478418551885745,1,0.16342635924944987,1.0847841497747281,-0.11590621048611191,-0.10340886040727498,0.43248118068868574,-0.7129593310610514,0.04321856338714219,0.0,0.0,0.0,-0.09819533864542024,-0.4248291821265365,0.7223293407630524
2021-01-11,SIM,efd41fec7d9d24fd,0.5606261976393103,1,0.34528292226673574,1.1772345778546267,0.2100404150713098,-1.4329413049292858,0.09452950719016237,0.32718564628503055,0.1838345685745928,0.0,0.0,0.0,0.050985454308160635,0.27924781298096896,0.7989364604114654
2021-01-13,SIM,efd41fec7d9d24fd,0.568639259548319,1,0.8417468635652867,0.11108549938003026,-0.236218481831617,-0.40328216309927734,-0.04240774565580545,-0.5619133284277701,0.10600571984526329,0.0,0.0,0.0,0.37226838805403434,-0.6192892308442732,0.8273993510703832
2021-01-15,SIM,efd41fec7d9d24fd,0.5803591011360046,0,0.6926351101762431,1.1763695276098434,-0.8798554719640514,-0.38839583190930904,0.16585819908873206,0.9507996881165698,0.026708532323242686,0.0,0.0,0.0,-0.1544635525929883,-0.0568517016189499,0.9915410357654789
2021-01-17,SIM,efd41fec7d9d24fd,0.588289782726311,1,0.7427358024667969,0.46566250805261095,-0.1811207830472334,-0.4185908330246979,-0.4844700468172147,0.2782698049869108,0.7980378403402174,0.7980378403402174,0.0,0.0,-0.03587705375801318,0.06074641045346242,0.46360648551910905
2021-01-19,SIM,efd41fec7d9d24fd,0.5285724490125698,0,-0.1725502847766273,0.7013060519830139,-1.034436530063118,0.0769312362014385,0.934787547065779,-0.6121776890767883,0.044365250136681335,0.0,0.0,0.0,-0.09082024260524461,1.1509901573421502,0.909147768284186
2021-01-21,SIM,efd41fec7d9d24fd,0.48128512663427003,0,-0.6580879283287016,-0.06099024454199452,1.1807912635324194,0.6082141348082734,0.5052786754496352,-0.613203088682109,0.03456224964278352,0.0,0.0,0.0,-0.4832020119948998,-0.5032640243527906,0.6330358322397966
2021-01-23,SIM,efd41fec7d9d24fd,0.530054083740064,1,-0.7084570062062931,0.3961565699494214,0.5507332021897418,-0.8337086532548844,0.07998941603081003,-0.20687004775090473,0.08382792663767841,0.0,0.0,0.0,-0.5799220025846961,-0.061279222176437984,0.7469649380487942
2021-01-25,SIM,efd41fec7d9d24fd,0.544218088860245,0,-0.7298505661568429,0.01834321045211895,-0.5029291647373985,0.21536138484761838,-0.4727232037315499,0.4741384495961105,0.11128846087611224,0.0,0.0,0.0,0.016468053107432552,-0.18806480368651954,0.6947602936155137
2021-01-27,SIM,efd41fec7d9d24fd,0.49429696875326323,1,-0.286730488350118,-0.05111070419915565,0.07364914082629806,-0.5071404678422786,0.4605483466444234,0.355611221603672,0.09066864665548653,0.0,0.0,0.0,-0.827755727415036,0.5377586032130574,0.9369703924478142
2021-01-29,SIM,efd41fec7d9d24fd,0.5193261284294469,0,-0.3529495935251472,0.18176551933644014,-1.0476172328867306,-0.29938060460549076,0.26076346212637613,-0.2342987451727904,0.12395974069609053,0.0,0.0,0.0,0.5878109601323941,0.07880776643202142,0.40083395257309784
2021-01-31,SIM,efd41fec7d9d24fd,0.5158474730414124,1,-0.12562071105093547,-0.18666690617031179,-0.15029962628953777,-1.0408034456169224,0.17573026929991112,0.05485292440161925,0.0323583940287401,0.0,0.0,0.0,0.0969883000533812,-0.5738485114539412,0.5713439617616588
2021-02-02,SIM,efd41fec7d9d24fd,0.5695065742516418,1,1.006307641172966,0.6108290224771106,-0.7930902333967381,0.313086773410845,-0.4098961309230955,-0.5501493035228453,0.058006252095178026,0.0,0.0,0.0,0.18182902119907662,-0.15540338553656796,0.5520847285696758
2021-02-04,SIM,efd41fec7d9d24fd,0.5750461906953285,0,-0.26984678088780084,-0.8211474600994291,0.044215321387025594,-0.2693498557190515,-0.6176184473306335,0.17977131089614065,0.04429728294808586,0.0,0.0,0.0,1.126369265028094,0.4378501127133181,0.49641017114076047
2021-02-06,SIM,efd41fec7d9d24fd,0.5426893820171592,0,-0.015960371561320907,0.2897965755432046,-0.05438836666770206,-0.24166853579428907,-0.013230580620261449,0.16943976685737852,0.1877473703082202,0.0,0.0,0.0,-0.0952922110490351,-0.3469573448285576,0.468110413145876
2021-02-08,SIM,efd41fec7d9d24fd,0.5981319833142644,0,1.057342443287265,-0.11322839794039885,-0.02994069271058671,-0.3354132552610252,0.05766007273742721,-0.22555273049059626,0.12503422126872338,0.0,0.0,0.0,0.5626977816852456,-0.38025652671438837,0.8888800049316212
2021-02-10,SIM,efd41fec7d9d24fd,0.6108377256648949,1,-0.32684866466456997,-0.10771614252744482,-0.5899970572726562,0.38622951701093294,0.42142613337919904,-0.2478338984643803,0.07780092061105065,0.0,0.0,0.0,-0.3192685758634353,-0.044870282517301296,0.6052796994953071
2021-02-12,SIM,efd41fec7d9d24fd,0.6208602409429191,1,0.7907932272213634,0.6239894105382564,0.9140321448062243,-0.4761782860818528,-0.39781202355608003,0.501592026930283,0.18191784640195352,0.0,0.0,0.0,-0.009496327654207614,-0.5705548762809523,0.7374944986016336
2021-02-14,SIM,efd41fec7d9d24fd,0.5993786106222564,0,1.0473713001806448,-0.251591603368111,0.33911070763910384,-0.3588241173717356,-1.1978674033604293,-0.5731384196944233,0.023451563744249417,0.0,0.0,0.0,0.3558460610611045,-1.0608845516853633,0.7835335028297368
2021-02-16,SIM,efd41fec7d9d24fd,0.5747855118513203,1,0.5143909736836727,-0.1301566933948165,0.8631565522150026,-0.38056634108849846,-0.9815062287235663,0.16801547898708946,0.0716590007076983,0.0,0.0,0.0,-0.6860749008831631,0.030119948806470967,0.8284043955283831
2021-02-18,SIM,efd41fec7d9d24fd,0.5512203389182669,0,0.5581947476655623,-0.786723061685653,-0.37365582392714686,-0.41293944993154486,0.460629940554307,-0.47460659368859426,0.19605663103076018,0.0,0.0,0.0,0.15106267341395166,0.14813444232826348,0.9030900696939267
2021-02-20,SIM,efd41fec7d9d24fd,0.5240534820394993,0,-0.3964250751215519,-0.5472440225259416,-0.4830354105289768,0.4094113524566386,-0.5240156626658891,-0.639724047416355,0.5344427294531225,0.0,0.0,0.5344427294531225,1.0974665789513443,0.47235979244259174,0.8481804051242499
2021-02-22,SIM,efd41fec7d9d24fd,0.4704783583170398,0,-0.28956525211491246,-1.1476243306769474,0.3504036625033836,-0.4211867167474222,0.22078507852684212,0.6192495662297901,0.011424455529458767,0.0,0.0,0.0,0.39821793019668256,-0.31766436471020054,0.4394726469578461
2021-02-24,SIM,efd41fec7d9d24fd,0.5166939589618855,0,-0.42402992029753533,-0.5416248751187932,-0.22659580104088486,-0.4499977196986325,-0.15947059084592435,-0.7134389742890258,0.17625945413142374,0.0,0.0,0.0,0.09363890369443151,0.5248569763266511,0.7195219931411676
2021-02-26,SIM,efd41fec7d9d24fd,0.4975271471785345,1,-0.9682143225399704,0.3513984702361511,-0.34651179296725904,0.5168297012747343,-0.8605733799848201,0.12031300503255515,0.1743401825177992,0.0,0.0,0.0,0.5399344590589008,-0.5202906255971732,0.4805191154592689
2021-02-28,SIM,efd41fec7d9d24fd,0.5383793513104702,1,-0.857765515658446,0.7395559867421367,0.3084200518953678,-0.5770726711585987,0.41307149912909863,0.324801406340811,0.0147842388606106,0.0,0.0,0.0,-0.4852464410007642,-0.9475531677444071,0.7162602152363025
2021-03-02,SIM,efd41fec7d9d24fd,0.5255513397305458,0,-0.5946442184966321,-0.4133930528056683,0.035234995660735235,0.05576865089808987,-0.6427768146995747,-0.47750658672876467,0.1342090717499436,0.0,0.0,0.0,0.46841397747762653,0.7053841243112874,0.7857423912233075
2021-03-04,SIM,efd41fec7d9d24fd,0.47912004573215594,0,-0.5081619801776922,-0.5915833640910418,0.1488240373916652,0.05022296117357557,0.07280298664776068,0.6225013842181727,0.033660856150252674,0.0,0.0,0.0,-0.5951389821657681,0.47838610379626595,0.4306572546068892
2021-03-06,SIM,efd41fec7d9d24fd,0.4896188138124891,0,-0.37927688510165686,-0.6088099061948746,-0.748425541898118,-0.24086517383455974,-0.2079136643618829,-1.3761561523131671,0.1978409570540701,0.0,0.0,0.0,0.26993335088851184,0.7090784322425753,0.8125275904313307
2021-03-08,SIM,efd41fec7d9d24fd,0.5760573942677821,1,0.08526156505283485,-0.020683811041484812,-0.384796018579312,-0.08383670349275099,0.25021829775548254,0.7583536995942723,0.13612345225910089,0.0,0.0,0.0,0.29932575943087,-0.6918922235473653,0.4659434062635982
2021-03-10,SIM,efd41fec7d9d24fd,0.5160118943950078,0,0.1903182823329043,-0.42958436324944416,0.047981633323017456,-0.24783730529662526,-0.2880093831576664,0.0072949301941750535,0.07542298431276183,0.0,0.0,0.0,0.25958984262646095,-0.08481702755753927,0.5796209821634248
2021-03-12,SIM,efd41fec7d9d24fd,0.5611970511877326,1,0.964362220363217,0.43459763012582175,-0.14748965916526263,-0.5453314308532924,0.007678623408307655,0.47423114780123177,0.006059716515402602,0.0,0.0,0.0,1.1196380958314132,0.09980014307030763,0.871996304605597
2021-03-14,SIM,efd41fec7d9d24fd,0.5189263705000261,1,0.38503025734775254,-0.16553097843833936,-0.562742657393711,0.035308742492674954,-0.3348569702788535,-0.5278786142109729,0.09526386159170588,0.0,0.0,0.0,-0.5210147112347098,0.20350405742363187,0.9417454444628016
2021-03-16,SIM,efd41fec7d9d24fd,0.553894336452276,0,-0.49739920111342495,-0.25653456662757396,-0.29451826842207546,-0.45823947952378097,-0.17966671836251216,-0.20093242344892107,0.11867815720420678,0.0,0.0,0.0,0.37404394743973757,-0.04079350160786186,0.5800598943448602
2021-03-18,SIM,efd41fec7d9d24fd,0.5275573405527934,0,-0.1121491543037679,0.375775556660461,-0.9554732123171754,0.0653385252685078,-0.7985722247728863,0.6250316699223393,0.018284319065703693,0.0,0.0,0.0,1.1307872296844703,0.06468458390303988,0.9776081017585573
2021-03-20,SIM,efd41fec7d9d24fd,0.5324730002254646,0,-0.8545584609076539,0.06369420672947501,0.3413538021714982,-0.5332292407353244,0.5215161795536013,0.4699750102674906,0.14165835856777753,0.0,0.0,0.0,0.975100924755123,-0.07112040674890631,0.8002363056845943
2021-03-22,SIM,efd41fec7d9d24fd,0.5519761972770071,1,0.643787600081032,0.7691843931126273,-0.36032631605477744,-0.6044324675570045,-0.8371792565982854,-0.41830964892702466,0.0960140541965109,0.0,0.0,0.0,-0.2421459161732071,-0.3990565378311567,0.6792370013301031
2021-03-24,SIM,efd41fec7d9d24fd,0.5462109868372179,1,-0.9599607115586815,-0.03412335527661502,0.1818521088144147,0.7493710515677255,1.1126126128340375,-0.5885255064704551,0.14650411639902214,0.0,0.0,0.0,-0.11446703868609842,-0.8555508256302824,0.7757228843686905
2021-03-26,SIM,efd41fec7d9d24fd,0.5510973624332012,1,0.4490417559030685,0.28978410527434006,-0.2562831809016794,-0.24805816275297732,-1.0544134977325437,0.42628582344437216,0.003617190913368429,0.0,0.0,0.0,-0.7710179986848256,-0.8735212658855919,0.41200109382740063
2021-03-28,SIM,efd41fec7d9d24fd,0.5520125268012264,0,-0.4225603533563459,-1.0645647929454483,0.6207704085091008,0.22147345322232165,0.0023586123460956764,-0.5071970555949292,0.1494031827061878,0.0,0.0,0.0,-0.2051749959517262,-0.4196338002875265,0.9467872816508925
2021-03-30,SIM,efd41fec7d9d24fd,0.5589482757484667,0,-0.7597934434209872,-0.18854180065190773,0.1452067368167148,-0.08938669897678567,0.90943045568207,0.31364430197806226,0.15219891091666993,0.0,0.0,0.0,0.883818430756819,-0.4605398137954475,0.418637623700405
2021-04-01,SIM,efd41fec7d9d24fd,0.5790288475266034,0,0.39792940594944715,1.992252886168222e-05,0.1319385363324511,0.18502493163247025,0.220682376582986,-0.758462425103961,0.05293020422694768,0.0,0.0,0.0,-0.46359344526001606,-0.21195324022094533,0.4228985789751941
2021-04-03,SIM,efd41fec7d9d24fd,0.5514739121735156,0,-0.5456264233578005,0.1801801118127196,-0.5023079101730937,-0.17318325942703908,0.20438566310764145,0.3997944969134268,0.12202693066431741,0.0,0.0,0.0,0.9182686977935083,-0.5095482975027292,0.9527261939672202
2021-04-05,SIM,efd41fec7d9d24fd,0.5868002275751718,1,0.3609594313052026,0.5271656918739375,0.6250881135969141,-0.9872099773056359,-0.9851504578326189,-0.24465130610050673,0.04483125685568177,0.0,0.0,0.0,-0.7724565051366895,-0.018810692346815417,0.8572671690824526
2021-04-07,SIM,efd41fec7d9d24fd,0.5978839315808625,0,-0.5320246624019133,-0.6078890153244353,0.8981490592759843,-0.20658622532224566,0.7934689083099177,0.07608363996767098,0.15824804781230561,0.0,0.0,0.0,-1.2505315564035369,0.11571244253582945,0.8892814271861718
2021-04-09,SIM,efd41fec7d9d24fd,0.6221093329733642,0,1.345020893412065,-0.754285112109133,1.1194915776553775,0.39318517060875047,0.45701279927773647,-0.4158397108628528,0.0035768800707490778,0.0,0.0,0.0,-0.21058975634172605,0.07245742835591752,0.7076504362293918
2021-04-11,SIM,efd41fec7d9d24fd,0.5823638667674171,1,-0.033960598310498025,-0.04574702201358233,-0.2967665977737379,-0.11638551250742137,-0.5601747596321275,-0.07661822912375962,0.16827807197876776,0.0,0.0,0.0,-0.1505098917881521,-0.2263577013901708,0.5731415793095668
2021-04-13,SIM,efd41fec7d9d24fd,0.5991911695918151,1,0.8559524008323218,0.1768971463784509,-0.1100051532227138,-0.2518300812223951,-0.2668969989176835,-1.0514831841724999,0.09247988192125363,0.0,0.0,0.0,-0.5601207295031128,-0.45781750636461227,0.8048885864605955
2021-04-15,SIM,efd41fec7d9d24fd,0.5640460682395293,1,0.12311133877751923,0.9958014633177684,0.03175224443977877,0.1532781233647179,0.01215806222997654,-0.5907243259142416,0.16156860857401942,0.0,0.0,0.0,0.5270773108615212,-0.38848184789848544,0.8160205985426918
2021-04-17,SIM,efd41fec7d9d24fd,0.595306242984405,0,0.18306866905981167,0.3686772592189796,-0.9216107813354082,0.3412627347000188,0.04943611824258341,-0.14473524149440903,0.16641639526643626,0.0,0.0,0.0,0.9993940274423782,0.2044619596372051,0.9605310919464666
2021-04-19,SIM,efd41fec7d9d24fd,0.6174476415565098,1,0.774403786418911,-0.1919708394525938,0.40293682054992236,-0.5282888685676498,0.5672273527863098,-0.46320460408602754,0.008017935927922682,0.0,0.0,0.0,0.5957568780098084,-0.31502827805098704,0.9004132620831893
2021-04-21,SIM,efd41fec7d9d24fd,0.6093164403812099,1,0.5423349203269423,-0.616048747577118,-0.07947001102428626,-0.7386088464947571,0.5440272160368461,-1.2340418722802662,0.1435929904503953,0.0,0.0,0.0,-0.054656940672756664,0.045187072622629734,0.8551829884469242
2021-04-23,SIM,efd41fec7d9d24fd,0.5909233326048043,0,0.3475222182329894,0.3620386848452593,0.9708423691269003,0.9275236228059048,0.4753769084404303,-0.7201731830180024,0.0375477858964161,0.0,0.0,0.0,0.18555286188171355,0.14346195061054606,0.7847750487330953
2021-04-25,SIM,efd41fec7d9d24fd,0.5599468590433635,1,0.7913137374846146,-0.2992049082511004,-1.2028446893487017,-0.5781420415421792,0.05846236147346491,0.3202238364975437,0.02625761329441405,0.0,0.0,0.0,0.12626215999830626,-1.0978743296723459,0.6572149549045074
2021-04-27,SIM,efd41fec7d9d24fd,0.5382340935832344,1,1.762720000837204,0.8378905317736147,0.4181101845869687,0.020964964745062847,-0.9580588402343018,0.12061459081259407,0.0850303912392497,0.0,0.0,0.0,-0.06892848921366626,-0.9960040564213261,0.4848724155797736
2021-04-29,SIM,efd41fec7d9d24fd,0.5740767070622573,1,1.2542984394807621,0.42367451271764367,0.1319391636969714,-0.2911942932648904,-0.012688799818141243,0.30817015207583776,0.02711493863083081,0.0,0.0,0.0,0.8007791787680766,-0.649881534191535,0.4306695691475858
2021-05-01,SIM,efd41fec7d9d24fd,0.5643434370038896,1,0.7853469783994,1.2677444438486873,0.8070681399220494,-0.11478749875601917,0.08505230361457641,0.43727128985986197,0.126146717347065,0.0,0.0,0.0,-0.4345437701106966,0.13628101654969485,0.6344097818347376
2021-05-03,SIM,efd41fec7d9d24fd,0.6002156326665137,1,0.5345805671429752,-0.2247223954661453,0.0648235809015209,0.4971200180947459,-0.5558552365140547,-0.9949725342429685,0.16956465348767671,0.0,0.0,0.0,-0.5136527002585608,-0.47859175719097535,0.5870677287036865
2021-05-05,SIM,efd41fec7d9d24fd,0.5837889197698827,1,1.1134000043621826,-1.4543575212460413,-0.2124500123077038,-0.3745828295627379,0.6906960391098115,-0.8677453257505716,0.15414327279997803,0.0,0.0,0.0,-0.055090424857740045,0.5916094208703037,0.9773712657993004
2021-05-07,SIM,efd41fec7d9d24fd,0.5716774220206167,1,0.18550945091413878,-0.7267105848796708,0.1469693308478379,-0.723178443016285,0.18746892024433184,-0.6047632352640341,0.1754702937281997,0.0,0.0,0.0,0.20927995329683194,-0.6376773557853557,0.7536873630710831
2021-05-09,SIM,efd41fec7d9d24fd,0.5559854253561162,1,-0.5089288376405199,0.3370422130709815,0.32569367125535204,0.0013234148496446122,-0.257637030296614,-0.3348609487449271,0.14430776694783595,0.0,0.0,0.0,1.2568372132010768,-0.722603570865072,0.5093072682750057
2021-05-11,SIM,efd41fec7d9d24fd,0.5757797136075294,1,-0.16457961602479304,0.4486359892212125,0.4888915074391644,-0.5750564357267094,0.7464723386613697,0.9975798421584815,0.15810143512092162,0.0,0.0,0.0,-0.6892033579329127,1.4338133167327727,0.50610445664287
2021-05-13,SIM,efd41fec7d9d24fd,0.5410592256142455,0,0.7891213000062092,-1.4669661146411987,0.06461117300571777,-0.5426204237499275,-0.25858179463527825,-0.010731796800640885,0.05147934431555761,0.0,0.0,0.0,0.4966577620391971,-0.49408392283559066,0.9786389649378638
2021-05-15,SIM,efd41fec7d9d24fd,0.5293488435756538,0,0.7328375580006766,-0.20903119934604206,0.4624639504240274,0.017749647090580786,-0.3488951481204562,0.09017785019216738,0.01976007379209135,0.0,0.0,0.0,1.2490631620973718,0.7672258740241626,0.945499223425636
2021-05-17,SIM,efd41fec7d9d24fd,0.5507344596234083,0,-0.8325373891485807,0.4407058169688882,-0.13269152654831273,-0.6014459728548206,-0.038278878512849654,0.7569443719003746,0.6100640651258118,0.0,0.6100640651258118,0.0,0.634200462979356,0.102799545635434,0.537624201751337
2021-05-19,SIM,efd41fec7d9d24fd,0.5877881875021429,0,-0.5843537609243533,0.11354426241837205,0.13362120918462622,-0.3591791852081752,-0.13072875399849215,-0.48218074737548733,0.16024481641379784,0.0,0.0,0.0,-0.44843262864383227,-0.10816759359982299,0.8236692785418507
2021-05-21,SIM,efd41fec7d9d24fd,0.5799895571852419,0,-0.11972059762304621,-0.21373265525933494,0.3637359595244289,-0.13434789360265792,0.22647793495340016,0.4720628952334305,0.09542050148939962,0.0,0.0,0.0,0.3131248581667974,1.2731012075636394,0.7553294577612051
2021-05-23,SIM,efd41fec7d9d24fd,0.5678025744471586,1,-0.3410542931989517,1.7482304493489615,-0.4222452610727943,-0.1264045680326192,-0.957712790009049,-0.5172425044411101,0.1309827027493071,0.0,0.0,0.0,-1.059552284497948,0.41210519549859914,0.9655816755288694
2021-05-25,SIM,efd41fec7d9d24fd,0.6280294927426604,1,1.3657563464310243,0.16093456764551717,0.5878288135964908,0.23490406841165606,0.6357312230272968,-0.19729341780647827,0.01066928337599271,0.0,0.0,0.0,-0.0388086041980676,0.09357668913430696,0.9947709936328959
2021-05-27,SIM,efd41fec7d9d24fd,0.5784390206275333,1,0.28956089850722677,0.11455320409029154,0.5451409418074343,-1.1507910670040715,0.31664352043318134,0.40001104751365396,0.06980509720035388,0.0,0.0,0.0,0.5041521904682182,-0.6263711665100848,0.7831301507543929
2021-05-29,SIM,efd41fec7d9d24fd,0.5640677212951662,1,1.137967768347834,0.3837063444425096,0.23424537313916363,0.3233814477770384,-0.7284439993331813,0.8626804437393318,0.0877873244543313,0.0,0.0,0.0,-0.42895734789107304,-0.1942301870115254,0.5453446004924665
2021-05-31,SIM,efd41fec7d9d24fd,0.5590487776626337,0,0.37534065327026295,-0.2802211052250396,-0.3603235180511051,0.2073853489463233,0.07548992077913988,-0.1272859983934571,0.1391646206282383,0.0,0.0,0.0,-0.4966456203712562,0.2084613868405265,0.6411533227249672
2021-06-02,SIM,efd41fec7d9d24fd,0.5426265301199938,1,-0.12175478530448516,0.2679511248673746,-0.3924106181231565,-0.18703895859320158,0.3030110691053166,0.4686704007635014,0.07253493804288402,0.0,0.0,0.0,0.3317782487578843,0.40173849249930077,0.7046878298825219
2021-06-04,SIM,efd41fec7d9d24fd,0.5505591786757525,0,0.4627626934083709,-0.8176701252979444,0.19951705892363975,-0.40651527844932933,0.013324489058862113,0.8768105571520257,0.05474639487158455,0.0,0.0,0.0,0.35382829184218023,-0.05235115702173638,0.782303679664991
2021-06-06,SIM,efd41fec7d9d24fd,0.5608021997466114,1,0.8425235810381828,0.04018152165409053,0.36032580157901417,0.1192924007648802,0.2303037622855038,0.3525159323036237,0.5755650570960079,0.0,0.0,0.5755650570960079,0.06779241310411112,-0.6137443627495792,0.6622834031538818
2021-06-08,SIM,efd41fec7d9d24fd,0.5081605972068396,1,-1.0498512882631916,0.11716830268297973,0.48622707916159685,0.04096370754610802,0.31159607662971306,-0.5750021475259184,0.16090222250626393,0.0,0.0,0.0,0.07271772324918611,-0.5645639902433526,0.9332525291533198
2021-06-10,SIM,efd41fec7d9d24fd,0.5248307532633892,1,-0.8276942705676803,0.3868917335874688,-1.0904450510704198,-0.5573812327049193,-1.0497360445243977,-0.3619727768988564,0.1898247013590308,0.0,0.0,0.0,0.039013289365578824,0.4026959826104663,0.9923770636828763
2021-06-12,SIM,efd41fec7d9d24fd,0.5331592824307557,0,-0.6816153446349807,-0.7375725492887076,-0.35795531297693134,0.699082682145217,-0.5660523402938876,0.18874159675585067,0.16128346428461843,0.0,0.0,0.0,-0.002583966096561253,-0.17860093261691412,0.5895490350180361
2021-06-14,SIM,efd41fec7d9d24fd,0.5113206789001801,1,0.4558088448503159,0.33118297678378206,-1.4441512724029364,-0.40070623244718634,0.8590350670013306,0.058564477591162345,0.10049445129682169,0.0,0.0,0.0,-0.6915106114150691,-0.12608753005666298,0.5052472588430899
2021-06-16,SIM,efd41fec7d9d24fd,0.5020310460674346,1,-0.9043700874674424,0.3990370374591198,0.08128510005760795,0.1925532375624245,0.3908431755394273,0.6711208796058873,0.04490140569341819,0.0,0.0,0.0,0.867426738882773,-1.0718549362482366,0.8652104474605532
2021-06-18,SIM,efd41fec7d9d24fd,0.5391670606376041,1,-0.6614858107208181,-0.6186140747332365,-0.6374981152705903,0.07190847404204789,-0.6782814247371969,-0.9679739525200235,0.16731025964021676,0.0,0.0,0.0,-0.12554692411990812,0.03518807633128551,0.4949790044769439
2021-06-20,SIM,efd41fec7d9d24fd,0.5628004405997717,0,-0.10806837516438922,0.4923866240478762,-0.6524250640104394,-0.6856224638165105,0.2482295896802028,0.054522399950757604,0.09510404072101242,0.0,0.0,0.0,0.6022479752823497,-0.3848114937097064,0.672970256818151
2021-06-22,SIM,efd41fec7d9d24fd,0.545824964571719,1,0.07017260684116064,0.28996260097818355,0.16996472468111037,-0.6417928221426324,0.049296499469191485,-0.5560863925827465,0.11832838351644986,0.0,0.0,0.0,0.02343369697924163,0.0567672298209291,0.7809565661358797
2021-06-24,SIM,efd41fec7d9d24fd,0.510030262040734,0,-0.7181097874856048,0.5112754538666053,0.7375350171787671,-0.5378656422475916,-1.4333540036574397,-0.37407547579133643,0.13518035029141787,0.0,0.0,0.0,-0.9871983122489432,0.19919732326227432,0.5501499382964166
2021-06-26,SIM,efd41fec7d9d24fd,0.5052722464158035,0,-0.784467494365562,0.5840810669290685,-0.7278951172303937,0.5864801859194453,0.2728290695988634,-0.350444173040226,0.09629995198896396,0.0,0.0,0.0,-0.41837977779314184,0.6456436979131117,0.4953137342130147
2021-06-28,SIM,efd41fec7d9d24fd,0.5071554674335628,0,-0.6679016149606016,-0.11293908504799863,0.5191193906942665,1.0195128117945873,1.1623675583537065,0.7141418528967799,0.16356611429490645,0.0,0.0,0.0,-1.0333650540641468,-0.5636511355522655,0.43187213536012803
2021-06-30,SIM,efd41fec7d9d24fd,0.5580702615963944,0,-0.29619451767335975,0.29361603224259125,0.3372229567361245,0.2401441698280978,-0.38067463111177524,1.3335274849289311,0.15828108883450534,0.0,0.0,0.0,-0.27749642989281575,0.043021663784344154,0.7603975428567349
2021-07-02,SIM,efd41fec7d9d24fd,0.554391538608392,0,0.20065107688212402,0.3173103204807408,0.6388403671897166,0.5478965209370708,-0.3819684821865929,0.5315504650430978,0.11755615941793136,0.0,0.0,0.0,0.1594304687300263,0.4754997856409934,0.7686913395934132
2021-07-04,SIM,efd41fec7d9d24fd,0.5292873515563253,1,-0.6556153805593578,0.28617844270311515,-0.26390173774108483,-0.7415458778699624,-1.0031466128925095,0.6006978906300178,0.1676874126753457,0.0,0.0,0.0,-0.1929767913420628,-0.4714911502256051,0.43555521274131614
2021-07-06,SIM,efd41fec7d9d24fd,0.5423733357624156,0,0.3472835990199995,0.30976324044489645,0.2138483317880726,0.15633544648080952,-0.11342011858596207,0.6096956689431906,0.14480344812700693,0.0,0.0,0.0,-0.4191754704455681,-0.07888224506929228,0.810658644959173
2021-07-08,SIM,efd41fec7d9d24fd,0.5246755712047972,1,-1.4080219959537634,0.49336712945921685,-0.7854113312075288,-0.30222840699763,-0.15231274251234317,-0.35099544858199655,0.06240503509770497,0.0,0.0,0.0,0.23073836232768288,-0.14829022207419373,0.4001328919054406
2021-07-10,SIM,efd41fec7d9d24fd,0.5626002015493229,0,0.15214821316989702,0.2203495587709983,-0.6218332418982597,-0.49191495618921544,-0.20687961942653754,-0.2722508122467412,0.048615250130204804,0.0,0.0,0.0,0.43622915484122204,-0.33510582140357686,0.6762033159794523
2021-07-12,SIM,efd41fec7d9d24fd,0.4899675446076495,0,-0.48641417862966385,-0.17182642679431762,0.43655299768167505,0.2749432265736907,-0.25905316607048856,-0.052811222648175296,0.18856052024921025,0.0,0.0,0.0,-0.31395715833294213,0.2655737546776557,0.5817078665050558
2021-07-14,SIM,efd41fec7d9d24fd,0.538681892387632,1,-0.7927447793374908,-0.07328302512250053,-0.8159549408699696,-0.26240524822021266,0.22726783517730326,0.5786703310945448,0.17107400193078073,0.0,0.0,0.0,-1.1398954853392702,-0.05872817989213617,0.6902310121992614
2021-07-16,SIM,efd41fec7d9d24fd,0.5521180894591443,1,0.1416790829255477,0.2524636092583425,0.23047287829911528,-0.14949408887254337,-0.520894417144137,-0.618562201436991,0.04431200342535429,0.0,0.0,0.0,0.6012593599512781,-0.620111926769437,0.9844338927156477
2021-07-18,SIM,efd41fec7d9d24fd,0.5610986314806607,1,0.11918728000462747,0.7181457537030805,0.6616576435170706,0.7709120711588539,-0.9730938246920018,0.006915476164503563,0.009772610512391422,0.0,0.0,0.0,0.7858161756667622,-0.3296904355889892,0.6084948735074027
2021-07-20,SIM,efd41fec7d9d24fd,0.5090522784468694,1,-0.14073461900338968,-0.7995282951153087,-0.10839966905523371,0.26121286205532585,1.203517636320054,-0.41295229666771405,0.10093906168810769,0.0,0.0,0.0,-0.011450539711505782,0.24663002193031233,0.9444187888995899
2021-07-22,SIM,efd41fec7d9d24fd,0.479369650917346,0,-1.1587065432038461,-1.4804169481885057,-0.03579169738745076,-0.20529118997631673,-0.005888657042885073,0.4173349524486508,0.19052111115014067,0.0,0.0,0.0,0.9648863441699654,0.3151840558398936,0.6583928792019795
2021-07-24,SIM,efd41fec7d9d24fd,0.5501412044067381,0,-0.2693170816693572,-1.110501686716394,0.7034222750463538,0.13907819773701394,-0.5696957659028464,0.17570456991202388,0.004426527059776131,0.0,0.0,0.0,0.427004987113753,0.14026350200380935,0.5771786020945012
2021-07-26,SIM,efd41fec7d9d24fd,0.4923512567540694,0,0.08637709118231074,0.3510886488697671,0.28891780020242797,-0.10381824567197633,0.7711244539147513,-0.29647673809698066,0.14237619028584683,0.0,0.0,0.0,0.15171065530449737,0.5120504474228292,0.674499943944598
2021-07-28,SIM,efd41fec7d9d24fd,0.4633630898924435,0,-0.8488897627114924,0.6500655089387967,0.9150869633670992,0.17641821880957564,-0.15014057645528092,0.1226074445110177,0.18169709366007522,0.0,0.0,0.0,0.4482292902587381,0.14887389957607786,0.9760352674529096
2021-07-30,SIM,efd41fec7d9d24fd,0.523411454563822,0,0.1784838620255958,-0.6092346306407024,-0.11248624967849569,0.6240881657402625,0.27618380263270087,1.2416653695490776,0.1603319717696003,0.0,0.0,0.0,-0.9790392646593283,-0.46324220073692735,0.7632805679749091
2021-08-01,SIM,efd41fec7d9d24fd,0.5020824331992796,0,0.6261174757754513,0.4055758618452622,-0.4731663431273187,0.4550518130738353,-0.9732870715860702,0.5040555642138821,0.08226773634605343,0.0,0.0,0.0,0.14975004955696591,-0.011528345474574382,0.6832535873756531
2021-08-03,SIM,efd41fec7d9d24fd,0.49857151817820583,1,-0.15271459734161694,-0.7839878621052626,-0.01925719267170415,0.09808221420935988,0.6392436093459517,-0.2835547866043328,0.12586535957750042,0.0,0.0,0.0,-0.47238470475515987,-0.44140407261271053,0.8316606699867644
2021-08-05,SIM,efd41fec7d9d24fd,0.5170952646600528,1,0.029037552848103165,-0.5512189010932504,-0.18117621780676096,-0.504296131431174,-0.002163684169674911,0.38269708088723614,0.17717243628546403,0.0,0.0,0.0,-0.7840431906241061,0.12005103613459113,0.9278625584465421
2021-08-07,SIM,efd41fec7d9d24fd,0.51007427161312,1,-0.6162355216486854,-0.5352712680358751,-0.10170630352602134,-0.14939173165094444,0.24974645357443323,-0.1449454535199728,0.05471034676728037,0.0,0.0,0.0,-0.3783504789235302,0.23126426104888004,0.591935612489657
2021-08-09,SIM,efd41fec7d9d24fd,0.5180428787053024,0,-0.3085129066689836,-0.9944363631757496,0.7080309288757018,-0.788772266715467,0.11266409685519375,-0.18094637072846334,0.0827557034753299,0.0,0.0,0.0,0.90836698980911,-0.16827177845560068,0.7359352165590098
2021-08-11,SIM,efd41fec7d9d24fd,0.5145322046224556,0,-0.4931636514383244,-0.8155764783246833,0.8126372743414189,-0.027893834781086205,0.09436709618184395,0.5748876757564063,0.14944708737085685,0.0,0.0,0.0,-0.40068989984965964,0.18992037677442786,0.6617390020808888
2021-08-13,SIM,efd41fec7d9d24fd,0.525037173734443,0,-0.04431198038296269,-0.5030726606545927,0.376901210076459,-0.5792351917577624,0.2772390460788532,0.02915923390614716,0.09613380176311488,0.0,0.0,0.0,-0.43986468488502356,-0.42542778945542625,0.8327696736113266
2021-08-15,SIM,efd41fec7d9d24fd,0.5044926083616248,1,-0.5962749151387444,1.1316576022700102,0.0487573181013435,-0.9475100753895783,-0.6914152719889156,-0.07431407070688674,0.10119810730039179,0.0,0.0,0.0,0.13517163023379014,-0.22656882516387947,0.9671716943101956
2021-08-17,SIM,efd41fec7d9d24fd,0.5470935144122808,0,-0.10074851288488101,0.1662035517349653,0.3195272906140259,-0.6965247105281342,0.649746380214752,0.43691380355776405,0.014415124582123818,0.0,0.0,0.0,-0.30940795630905665,-0.4231314823026625,0.7335921100094236
2021-08-19,SIM,efd41fec7d9d24fd,0.530407699110053,1,0.13965683848674207,-0.3843691601132305,0.9858613792044492,0.597690552020784,0.7561376125477968,0.2982530511753706,0.07903994974063884,0.0,0.0,0.0,-0.3913124834251668,-0.43103278720905286,0.9725439077327904
2021-08-21,SIM,efd41fec7d9d24fd,0.5782221041341141,1,-0.19982273018724023,-0.003633299215712746,-0.093150030252033,-0.36042162231164365,-0.5752962943172385,0.5658580849630481,0.132218858808188,0.0,0.0,0.0,-0.17487405430568584,-0.10693277758755022,0.4119577863037577
2021-08-23,SIM,efd41fec7d9d24fd,0.5945435732016098,1,0.65201556731216,0.8026833505752395,0.3524668499399272,0.3418693826318838,-0.4112695950493955,-0.40006736991175057,0.14774921556410073,0.0,0.0,0.0,-0.15006760903196892,0.10059104332293245,0.9143145223077529
2021-08-25,SIM,efd41fec7d9d24fd,0.5328486407327793,1,0.09258715127552661,-0.15434611554881333,-0.02052654962029499,1.6906311868022033,0.020576036463010813,0.1749484953080009,0.0050539772066011904,0.0,0.0,0.0,0.42914614621455355,-0.4157324111344065,0.8423322420604868
2021-08-27,SIM,efd41fec7d9d24fd,0.5307330679391068,0,-0.8401338593716179,-0.1874867822117187,-0.48530196104270235,0.08566991387849264,0.4475053845087206,-0.7038321612872078,0.05255774105321867,0.0,0.0,0.0,0.22053672046232822,-0.23632166208543476,0.730655014236065
2021-08-29,SIM,efd41fec7d9d24fd,0.5391841114432584,1,-0.13628893275209492,0.6967428469013244,-0.9506619972883469,-1.444723240376933,0.05883454149827773,-0.749130765720537,0.12771277278963902,0.0,0.0,0.0,-0.39468402211035636,0.19552313470348268,0.8784331057912709
2021-08-31,SIM,efd41fec7d9d24fd,0.48631476555510234,0,0.007072839322962876,-0.9192441293988953,-0.68406048873165,0.06677737292545836,1.0461450977668842,-0.015324917212185851,0.0711160013013882,0.0,0.0,0.0,-0.2213332388647186,-0.07148870082140663,0.9003315695562639
2021-09-02,SIM,efd41fec7d9d24fd,0.5158922384037328,1,0.39292354775217025,0.17315121548103032,-0.14401722744370438,0.5264849885088575,-0.1081458384155438,-0.2418341133673387,0.420394927556696,0.420394927556696,0.0,0.0,0.39006021744068825,0.8075238559267464,0.4850650231310323
2021-09-04,SIM,efd41fec7d9d24fd,0.5728714721306345,0,-0.516156048664739,-0.584823690353562,-0.015339725451414736,-0.7250082380822305,-0.35917321609684083,0.712195788781054,0.007922534842321706,0.0,0.0,0.0,-0.20467337258444096,0.7596580268513882,0.42477615965010473
2021-09-06,SIM,efd41fec7d9d24fd,0.5344611822931017,0,-0.46840756586653104,-1.3349427802493332,-0.1457273425650648,0.5711722860165281,-0.021804840036909114,1.3980128055779608,0.03021393486962485,0.0,0.0,0.0,-1.2816349798607778,-0.6629329286156795,0.9334208274153869
2021-09-08,SIM,efd41fec7d9d24fd,0.5267774038574029,1,-0.6923250179437009,-0.512028509066879,0.6466457497416495,-0.41407746424442265,-1.128209503367733,0.1031937352175804,0.18652501194220683,0.0,0.0,0.0,-0.5006454270797133,0.29524019933235424,0.6777375043907244
2021-09-10,SIM,efd41fec7d9d24fd,0.5025357661413323,1,-0.5032218316304387,-0.11597556688663943,0.5991692915975705,0.07580558682481689,0.4781351723946135,-0.24028032090014606,0.7958958681968515,0.7958958681968515,0.0,0.0,-0.4585212972782042,0.39156841324701125,0.6817917220873833
2021-09-12,SIM,efd41fec7d9d24fd,0.48411411765897866,0,-0.22012353425734124,-0.13845207300405157,0.48371056181114847,-0.35771689292622505,-0.14068761341285924,-0.44041284997071944,0.02486610316529061,0.0,0.0,0.0,-0.03593203699500403,0.8063695011023319,0.754277063858461
2021-09-14,SIM,efd41fec7d9d24fd,0.4775583796530799,0,-0.5907399034982402,-0.7615641936430383,-0.49541674354779264,-0.17185063880475374,0.006368890957741805,0.005619506645756161,0.13581210082356884,0.0,0.0,0.0,-0.14524610557470208,0.46980310958615223,0.8032805582124888
2021-09-16,SIM,efd41fec7d9d24fd,0.4746566556384431,0,-0.25716446933753223,-0.2827351980765974,-0.5156013081591628,0.4986225525914269,-0.5554389507670028,0.41698049660005304,0.15109726834282,0.0,0.0,0.0,-0.27892437849440704,0.2719556925678377,0.407390072812808
2021-09-18,SIM,efd41fec7d9d24fd,0.46989644850425216,1,0.24119344019012823,-0.9143162000145545,0.10549590067527632,-0.22789892322668767,-0.0016171490115853122,-1.1581792172079892,0.7131776190335258,0.7131776190335258,0.0,0.0,0.6987613233794361,-0.43573583773571767,0.9494374450275803
2021-09-20,SIM,efd41fec7d9d24fd,0.4388014436982173,0,-1.0811199741272692,-0.12008368556832127,-0.2427471522856305,1.3385843433296136,0.4508548579099613,-0.010042696936369553,0.7491420584089881,0.7491420584089881,0.0,0.0,0.11956062710724114,-0.8847775785256002,0.9655997926568073
2021-09-22,SIM,efd41fec7d9d24fd,0.4457967058341574,0,-0.8179406166576805,-0.956776895934693,-0.8389066421897361,0.5110984922806503,-0.44886421105208024,0.31072019834618925,0.07040506222815428,0.0,0.0,0.0,-0.12303082286606584,-1.1407814330014316,0.7743734474400623
2021-09-24,SIM,efd41fec7d9d24fd,0.3992852252815381,0,-0.48802321438171026,-0.8964445477521225,0.18622052042444082,-0.19451335519162832,-0.15882645917092564,0.7171113332673401,0.14715202349057696,0.0,0.0,0.0,0.262990178273922,0.10959759971790342,0.6875674252235519
2021-09-26,SIM,efd41fec7d9d24fd,0.46292862354532194,0,-1.6937258668402506,-0.6029597948223347,0.25328707829686536,-0.531461123981184,-0.9485148868243197,-0.4628064410926325,0.08847329480630764,0.0,0.0,0.0,0.5175284666084456,-0.21787722292654818,0.685753037941073
2021-09-28,SIM,efd41fec7d9d24fd,0.4679970240105658,1,-1.1565185647270728,-0.22552526758908983,0.6346407070250227,-0.20885521342227834,0.9382606214177962,-0.688070613497771,0.17609063058608232,0.0,0.0,0.0,0.12305338614687375,0.14112655602229646,0.9763160747512316
2021-09-30,SIM,efd41fec7d9d24fd,0.4586055641242256,1,-0.7595368657128411,-0.3205779021071175,0.7269031952271504,-0.5661244677550772,0.4475210503624585,0.12337063499700722,0.08054204221451511,0.0,0.0,0.0,0.6807875693643799,-0.46782072140897574,0.7595682696911393
2021-10-02,SIM,efd41fec7d9d24fd,0.420363161985466,0,-0.4194550264621734,-1.4628503772548016,-0.4051650456772502,0.5401258371390383,0.12372980719220363,0.14272862649613638,0.038020861889707484,0.0,0.0,0.0,-1.184069435419126,1.1349930943339617,0.4897468647721236
2021-10-04,SIM,efd41fec7d9d24fd,0.4521521232718908,1,-0.11065163526942978,-1.3374215231232711,0.2097894045797285,-0.6211005895787655,-0.26695469964652924,0.014799425437694344,0.18561074787820106,0.0,0.0,0.0,0.27750395304508757,-0.8314416171528206,0.7534237099663194
2021-10-06,SIM,efd41fec7d9d24fd,0.3697471332442313,0,-0.8733790672228355,0.23644246819782022,0.0063556679368752785,0.4992103221443441,-1.3788025086799574,-0.11647482891313463,0.0605335619940586,0.0,0.0,0.0,-0.4925138587389541,-0.6623661095134252,0.8133269618325594
2021-10-08,SIM,efd41fec7d9d24fd,0.4302297067867953,0,-0.9808905586692922,-0.3402912582985823,-0.3114457744304733,0.5116449866625462,0.030858148895817818,0.9171680702456844,0.014918375996693746,0.0,0.0,0.0,-0.09064741264735524,0.20028502830975856,0.45006715296163785
2021-10-10,SIM,efd41fec7d9d24fd,0.46254442125292383,0,-0.3948592407770374,-0.17481615998046313,0.15853734335911257,0.016477273897369964,-0.17546534347986176,0.18404605579059183,0.008828028742986117,0.0,0.0,0.0,1.334443663955073,0.5978561814490871,0.6572054217093615
2021-10-12,SIM,efd41fec7d9d24fd,0.4398013568640379,0,-1.0570071070601958,-0.5493533984906025,-0.6144584043946913,-0.8977197752467356,0.08018267128769735,-0.3634951440901205,0.06901723188694622,0.0,0.0,0.0,0.34023632794156394,0.33526970580816456,0.435876206178121
2021-10-14,SIM,efd41fec7d9d24fd,0.44047612968362687,0,0.6641529823889826,-0.36128952917646684,-0.20111124346718462,0.07019296206592615,-0.2681188242351123,-0.0657609440032017,0.4523969314005814,0.0,0.4523969314005814,0.0,0.031502810661270926,0.019220354047582437,0.5954798792692007
2021-10-16,SIM,efd41fec7d9d24fd,0.4731856403826019,1,-1.011573334777295,0.5549961654687392,0.7849822219503969,0.1553729785928002,-0.7884385294636257,0.056130826272258044,0.10341260941886268,0.0,0.0,0.0,-0.19690867897686848,0.426480393306919,0.9551030702013841
2021-10-18,SIM,efd41fec7d9d24fd,0.49031880000804,0,-1.1071040399890528,-0.13022276102339256,0.9486188938399454,-0.14184066579763427,0.472928409608779,-0.045586409190466345,0.017696536173545142,0.0,0.0,0.0,-0.03305027898874774,0.4573623913498416,0.8900014708544923
2021-10-20,SIM,efd41fec7d9d24fd,0.4695600844440515,1,-0.4519234212670074,0.5586603183646084,0.13622119787879697,0.16310619457305386,-0.23682459179057677,0.8995036138730252,0.19005183430305087,0.0,0.0,0.0,0.44188122273954183,-0.36573292033213456,0.8738578441766294
2021-10-22,SIM,efd41fec7d9d24fd,0.5174241263237623,1,-0.8356614433836844,0.09611010371982794,-0.7356803107763601,-0.12549177379374352,0.2808257395086306,0.696966541500905,0.0744442097781529,0.0,0.0,0.0,-0.2995141216927301,-0.3119338502336777,0.6458962836303569
2021-10-24,SIM,efd41fec7d9d24fd,0.538992873205255,1,0.2345228695315833,-0.7248760951190439,-0.09167609219618301,-0.009966597419317548,-0.156996236180228,0.6222604378280275,0.9183295990422599,0.0,0.9183295990422599,0.0,-0.08106681442406777,0.037298565190008195,0.8892357471194193
2021-10-26,SIM,efd41fec7d9d24fd,0.5077752643368939,1,-1.1689087555691762,-0.47685175412483394,-0.43655849728319746,0.49447931889914165,0.1657715170888204,0.06434314757854315,0.1284825035913845,0.0,0.0,0.0,-0.6891635650679464,-0.9085871787441574,0.6937924992954662
2021-10-28,SIM,efd41fec7d9d24fd,0.5058134102133833,1,0.6312521817877035,-0.7322340552370579,-0.564310149699519,0.15611604010406918,1.1556952532145632,0.07415682921138045,0.1745744886049934,0.0,0.0,0.0,-0.07896771094742605,-0.32894225468446675,0.837678234002657
2021-10-30,SIM,efd41fec7d9d24fd,0.5260415461356631,0,-0.0037640663176000955,-0.873872846749633,-0.8619470394081689,-0.19016755324804527,0.7581332820431622,-0.5927132649166421,0.1701831991878963,0.0,0.0,0.0,0.7600047946210406,0.09682157617751846,0.7610187875812956
2021-11-01,SIM,efd41fec7d9d24fd,0.5026164446658528,0,-0.62415946712795,-0.07452436200854656,0.10715738773365181,-0.40933887068667074,0.02696451136673081,-0.7583498586341544,0.00921818624133215,0.0,0.0,0.0,-0.16729900007255183,-0.8992896313308582,0.5543021486566397
2021-11-03,SIM,efd41fec7d9d24fd,0.477145445953154,1,0.17280196161188235,0.080672328797782,-0.6407487059061726,-0.40902958338622036,-0.8027178634186972,0.13888013676461985,0.09483599801394207,0.0,0.0,0.0,0.02732624146855408,0.2416246290934056,0.5920207201508503
2021-11-05,SIM,efd41fec7d9d24fd,0.481610527250524,1,0.21900611313359342,-0.6023859714092803,-0.0799374864972096,0.21240523960805055,-0.5157015218672524,0.43232666683386334,0.11101355809514471,0.0,0.0,0.0,0.33729116085939376,-0.29199866628506005,0.9628053245167302
2021-11-07,SIM,efd41fec7d9d24fd,0.5018486956598971,1,-0.27119170429614525,-0.3815944326983535,0.4098296439071565,0.05333545204441492,0.5141139325009811,0.6168114647770598,0.15388841119236332,0.0,0.0,0.0,0.6385705023594374,-0.47339678862662077,0.6225123287977847
2021-11-09,SIM,efd41fec7d9d24fd,0.5231597489502452,1,0.07374973515635175,-0.8297652726367589,0.38723831632951417,0.7826917276769013,-0.4536436148114558,-0.09379532210123039,0.07104682518518353,0.0,0.0,0.0,-1.4590302407578621,-0.6825806982660725,0.7524521455551065
2021-11-11,SIM,efd41fec7d9d24fd,0.5095830288641433,1,-0.20802662454005408,0.41810878202732615,0.17106687532204104,-0.03203952800680229,-0.26570715408124884,-0.07944638151045931,0.7914593286515341,0.7914593286515341,0.0,0.0,-0.0593889297644011,-0.7047623342542958,0.9563851415542814
2021-11-13,SIM,efd41fec7d9d24fd,0.5320582485871516,0,0.23089054903067371,0.030346101443534702,0.4235711734268815,-1.3877988428015031,-0.2895389286008944,0.13079062680159784,0.10581061785653811,0.0,0.0,0.0,-0.07365715454997053,0.1532682527506622,0.9595309385282372
2021-11-15,SIM,efd41fec7d9d24fd,0.5251584389486107,0,-0.1411086515127864,-0.08316351415658144,0.1476158020068936,-0.08585542946589571,-0.07903293322318297,-0.7224981449786674,0.0268951078397379,0.0,0.0,0.0,-0.4834805426937064,-0.6210196488511492,0.9559998944701635
2021-11-17,SIM,efd41fec7d9d24fd,0.5400125071478664,1,-0.23546606860551333,0.27286884971828684,-1.0375403685665712,0.6190027183585264,-0.9738494951723776,-1.346953004697247,0.12196324852969026,0.0,0.0,0.0,-0.04362065778268583,0.2047546603986912,0.4605131128830666
2021-11-19,SIM,efd41fec7d9d24fd,0.5212308310860071,1,0.01907056503231852,0.37609183926147216,0.7280611470248541,-0.5290444659945014,-0.2505292069103461,-0.6461229239004876,0.00774167499013454,0.0,0.0,0.0,1.2715596003223408,0.6763574873915811,0.5412116140023504
2021-11-21,SIM,efd41fec7d9d24fd,0.5304967022896636,1,0.5988402815182539,-0.12356971057811653,-0.1127868162399526,0.5214582298575812,0.4617177373701757,0.030973106498179657,0.12049984408850348,0.0,0.0,0.0,-0.9081274691993636,0.9440522951026572,0.5917897001739467
2021-11-23,SIM,efd41fec7d9d24fd,0.5022727855421927,0,-0.26556168688116444,-0.1663542930635751,-0.04347793428944442,0.4285316806953918,-0.5001854894427022,0.24459197000424995,0.03743861763683711,0.0,0.0,0.0,-0.25624708398452894,0.4020704793560312,0.537987248135599
2021-11-25,SIM,efd41fec7d9d24fd,0.46542552783355523,0,-0.2822609181291517,-0.4297272577797101,-0.2720330094866329,-0.8306864153786654,0.667051858430197,-0.08308984467181968,0.17997717827257956,0.0,0.0,0.0,-0.6127387183707419,1.6105838093838405,0.4035481952964809
2021-11-27,SIM,efd41fec7d9d24fd,0.5555013724294431,1,0.7989271838125487,-0.3394091230840985,0.558108959406553,-0.8016347094036171,0.008273801410663596,-1.1540573386030915,0.04064871893750419,0.0,0.0,0.0,-0.7011495878149294,0.0022711814097996683,0.7906826987969942
2021-11-29,SIM,efd41fec7d9d24fd,0.533982771327649,0,0.19001087410694528,-0.07043644241550162,-0.8868162876136786,-0.436253847963793,-0.24300242484776802,0.2998346302864364,0.01662715206654484,0.0,0.0,0.0,0.6804566479753649,-0.30141228518908925,0.8455252777291842
2021-12-01,SIM,efd41fec7d9d24fd,0.5673773846095469,1,0.27165554326457025,1.2803928722235203,-0.9233243160370255,0.2876320737901561,0.7976343887557462,0.38087276405895415,0.11739944677603731,0.0,0.0,0.0,-0.057063138926504664,0.08727207895493443,0.40541734409256835
2021-12-03,SIM,efd41fec7d9d24fd,0.6157255105370637,1,0.734282325743114,-0.44866258081650634,-0.8721986507892859,-1.194993315799112,0.3590664925900123,0.3530184164273327,0.1789127787480235,0.0,0.0,0.0,-0.30127078664500284,0.053699890901782496,0.9499112131830134
2021-12-05,SIM,efd41fec7d9d24fd,0.5483569144370809,1,0.24847639070476407,0.30615387559679064,0.03521867517811595,0.15261662077450971,-0.32386999043061315,0.5439469587232543,0.042042525685246315,0.0,0.0,0.0,-0.771175678941735,0.14490344759333038,0.7760413150826013
2021-12-07,SIM,efd41fec7d9d24fd,0.5451569731421936,1,-0.47422668334522144,-0.48146189099205655,0.4899251931646097,0.08615225082416053,0.6133216468620238,-0.3906422110263267,0.007779977671038352,0.0,0.0,0.0,-0.2749503259855567,-0.702046638507538,0.9617713793011172
2021-12-09,SIM,efd41fec7d9d24fd,0.5128197491012746,1,0.9769368706553585,0.4450840466304704,0.5995420331146405,-0.23264319997920763,-0.07272987364521591,0.8607338368117236,0.13630354710799442,0.0,0.0,0.0,0.5415847659460064,0.0938032240051484,0.4277919080630664
2021-12-11,SIM,efd41fec7d9d24fd,0.5492042020657596,1,0.316387886343102,0.09237885537320958,-0.9214755680149249,-0.3182150320628714,1.3330657233880037,-0.2185193360133494,0.028068146621543357,0.0,0.0,0.0,-0.8824498143576078,0.012746491051390465,0.9892807502846308
2021-12-13,SIM,efd41fec7d9d24fd,0.5743740389838838,1,0.05898532009125468,0.7381846236116392,-0.15209352934667827,0.020147488295086943,0.16660502486686352,0.9707162059582011,0.025566716372378173,0.0,0.0,0.0,-0.4733430997998131,-0.28633435411235564,0.5287121425673738
2021-12-15,SIM,efd41fec7d9d24fd,0.5961262694175425,1,1.3041980494703858,0.23846750031196157,-0.6282248250015273,-1.3685695513512037,-0.21817920674396116,-0.34119286788987213,0.0343668997443301,0.0,0.0,0.0,0.7326832309493803,-0.3508482943345593,0.4494287334448762
2021-12-17,SIM,efd41fec7d9d24fd,0.5981462565743577,1,1.5338976608588366,1.052227842186476,0.9206981060189008,0.3710871265187276,-0.573536810159943,0.04729615730099148,0.06776828178167307,0.0,0.0,0.0,0.1405764182271712,-0.8574710861469087,0.8715702456814425
2021-12-19,SIM,efd41fec7d9d24fd,0.5391162316251097,1,0.5103863345666417,1.1316320422238633,-0.6997812037728232,-0.029072168538090613,0.5282209106376723,0.2682373007351179,0.047548769977150455,0.0,0.0,0.0,0.6748490839372542,-0.2818012602166546,0.5611220562802347
2021-12-21,SIM,efd41fec7d9d24fd,0.5177960820966272,1,0.5928959915911927,0.44140758040957917,0.48284241886185786,0.23154849537425765,0.1128793862620389,-0.0030354334928813214,0.009903725255088336,0.0,0.0,0.0,-0.7518649593415413,-0.07137317071825364,0.6476890657099728
2021-12-23,SIM,efd41fec7d9d24fd,0.5315455010696926,0,0.28941725757841297,0.9109942779340838,-0.729049952668874,0.5243026286347463,-0.4113024009142252,-0.04361304853161672,0.05114957751280946,0.0,0.0,0.0,-0.4065876979385566,-0.7943588261037392,0.8019991748491414
2021-12-25,SIM,efd41fec7d9d24fd,0.5529198849569589,1,-0.02396254789599478,1.0165023302458076,0.3435713183130815,-0.5468036745239464,0.7604765829318859,0.8235505500041147,0.08700538647647477,0.0,0.0,0.0,-1.0003966935799224,0.8752829352766806,0.532092727274849
2021-12-27,SIM,efd41fec7d9d24fd,0.5374135286964418,0,-1.0171171530509895,0.2440739108097649,-0.2271214971796946,-0.3564041105132676,-0.627958178816667,0.36646654526534067,0.11673679945857557,0.0,0.0,0.0,-0.2868692796159155,0.2624744024963999,0.6960811060744079
2021-12-29,SIM,efd41fec7d9d24fd,0.5073089595193339,1,0.2822310707622381,-0.3471764301056265,0.38473853238027933,-0.48254294454885455,0.7391947924782823,0.421565381086572,0.15285481715609722,0.0,0.0,0.0,0.7378420897061825,-0.9351008553497201,0.8317452109926367
2021-12-31,SIM,efd41fec7d9d24fd,0.4802365902880424,0,0.691509438103905,-0.6672226455681521,-0.2586656413123605,0.19164444270891642,-0.6033009812930152,1.1102561297377926,0.14686847047142101,0.0,0.0,0.0,-0.8042499581721376,0.15049654456522496,0.8425664471079535
2022-01-02,SIM,efd41fec7d9d24fd,0.49197181259992306,0,0.08435801777572977,-0.24715909170262385,0.779509361400594,-0.35152685984532955,-1.2106220822476557,-0.23078893120124142,0.09114605300230694,0.0,0.0,0.0,0.6099032521905041,0.12647759047324325,0.5044168540098695
2022-01-04,SIM,efd41fec7d9d24fd,0.5212540189893994,1,-0.6152438360950049,0.6381773013524183,-0.5283687445913631,0.08733188034191657,-0.1872735038249979,1.4352891310764095,0.08437938500942171,0.0,0.0,0.0,-0.7549237845973998,-0.28101690677887503,0.9869076532577088
2022-01-06,SIM,efd41fec7d9d24fd,0.5340111721830314,0,-1.0111714329144101,-0.03130054950599885,-0.3844191126203569,0.062282188414717894,-0.8572226550624465,0.9026543696614893,0.0312992209984736,0.0,0.0,0.0,-0.7527748483112113,0.3072422296637595,0.4780226218279914
2022-01-08,SIM,efd41fec7d9d24fd,0.5289751483868806,0,-0.7905519423117625,0.3241325203956204,-0.680802799601673,-0.7788436220979186,-1.0770660176885498,-0.32416070797795854,0.0908118498866613,0.0,0.0,0.0,0.977895049770146,0.363079680269557,0.5698225318996866
2022-01-10,SIM,efd41fec7d9d24fd,0.5068879813563308,1,0.7046225349812107,0.5375472759240455,-0.3772415835537595,-0.18206782028066656,-0.8784468116038714,0.3602718855976286,0.14966962091589925,0.0,0.0,0.0,-0.6038910138592763,-0.09668538400044609,0.9777543546536284
2022-01-12,SIM,efd41fec7d9d24fd,0.5481111446623727,0,0.4935060981095238,0.11603842282191185,0.27634766588549714,-0.003630362746697325,0.7203176812190398,0.2933112273518207,0.15275368107295229,0.0,0.0,0.0,-0.7079763715310518,0.5725446538542613,0.43982964361144256
2022-01-14,SIM,efd41fec7d9d24fd,0.49781733486623125,0,-0.5173998684456776,-1.578438065372663,0.299664038701698,-0.33691337895606044,-0.12487329556984166,-0.2503089773051728,0.055013513334430324,0.0,0.0,0.0,0.4536982230855326,0.5830513500875547,0.4224324824618887
2022-01-16,SIM,efd41fec7d9d24fd,0.5371086562262064,0,-0.2748140455503616,-0.3599929758931575,-0.6905893527177576,-0.31776032229256307,-0.1720393289419464,0.3304446792412198,0.08431416096541995,0.0,0.0,0.0,0.010400573818558443,0.20028792460270145,0.7218862797161056
2022-01-18,SIM,efd41fec7d9d24fd,0.5350251197705093,1,0.053399064000900553,0.994831832374323,0.9399441132551065,-0.4466307496886984,-0.3429446075946444,-0.4834219244298326,0.020079013940619617,0.0,0.0,0.0,0.43015708665340896,1.0510745611284895,0.7555204298617406
2022-01-20,SIM,efd41fec7d9d24fd,0.5547696922865716,1,0.3445557144462066,0.25902682594536464,-0.6502488779932517,-0.615076305344856,0.3456220835919762,-0.06681570457652052,0.03510853924951425,0.0,0.0,0.0,-0.449383843718402,0.3160187678212192,0.8234142405611468
2022-01-22,SIM,efd41fec7d9d24fd,0.5287554789498289,0,0.6900559484578064,-0.3846655838995866,0.1632036300664832,-0.1069775992665415,0.09820846405449592,0.04352116623235583,0.07945623883267167,0.0,0.0,0.0,-0.5402926263707508,1.5207411962571575,0.966962327044762
2022-01-24,SIM,efd41fec7d9d24fd,0.5333877784079643,1,1.1575747979747737,0.5787586472268318,-0.3301690095850553,0.9159765092581009,1.1017794025789183,0.5789415198233231,0.10296108482738531,0.0,0.0,0.0,-0.24204928691181068,-0.6079501470168622,0.7319479849941797
2022-01-26,SIM,efd41fec7d9d24fd,0.5808601073173244,1,1.3423850930067016,1.014650323198196,-0.9184701072035311,1.012082155705276,0.16941501132426384,-0.2864946304537171,0.04564847348787613,0.0,0.0,0.0,-0.6713382602922002,0.36102273478489194,0.6759338447537648
2022-01-28,SIM,efd41fec7d9d24fd,0.5200086127560858,1,-0.27042854034086145,0.3205212306318061,-0.7635595833176172,0.08786432333810935,-0.16190052393059381,0.13932380418889256,0.14194996958665027,0.0,0.0,0.0,-0.08227665649851759,-0.977269936467482,0.5205988158717851
2022-01-30,SIM,efd41fec7d9d24fd,0.49813202911910087,1,0.07362929986043876,1.3830514835773995,0.027621684990802194,0.8527833728711214,-0.000866456376617338,-0.1297978648325159,0.07547988339293793,0.0,0.0,0.0,0.46165751065207483,0.15557790530371435,0.9837886042540148
2022-02-01,SIM,efd41fec7d9d24fd,0.5048760245032315,0,-0.40469649156908055,0.32324386394706767,-0.04895074966779056,0.11667839617490801,-0.030375766700608042,0.11296528681361412,0.06561658122463863,0.0,0.0,0.0,-0.5295294015360583,-0.37007198686361914,0.8226894682844579
2022-02-03,SIM,efd41fec7d9d24fd,0.4918658237468028,0,0.035938877903112315,-0.6096666692922724,-0.0005584853357634693,0.4198659005793199,-1.2143179173941898,0.8998856327026931,0.1339557103872965,0.0,0.0,0.0,-0.1311296216614351,-0.42344811864749576,0.9080724913135413
2022-02-05,SIM,efd41fec7d9d24fd,0.479957199723431,0,-0.6820366654110881,0.721260196222195,-0.24965664198078383,0.9251343865001668,-1.244571504919602,0.15181310438075615,0.10386704239722203,0.0,0.0,0.0,0.3029706894990813,-0.7317601933930512,0.4682632433697772
2022-02-07,SIM,efd41fec7d9d24fd,0.5197323129994003,0,0.3042182889741097,0.022934107037274484,1.238263174659317,-0.2436470004580068,0.5631039565216657,-0.44883126289767933,0.07095815718035861,0.0,0.0,0.0,-0.5397366991561421,-0.11548501726127369,0.7340726890490139
2022-02-09,SIM,efd41fec7d9d24fd,0.49864226952285046,1,0.05003318680388123,-0.12661282396468876,-0.4035929338684709,-1.2420033523576028,0.21040920653517306,-0.18847837752534333,0.11040418651543145,0.0,0.0,0.0,0.3880470564689718,0.36572993845583013,0.9985576556296911
2022-02-11,SIM,efd41fec7d9d24fd,0.47346193671448494,1,-0.042662841331903845,0.11831626028074237,1.2248048233606572,0.9674916154692516,1.001025901981721,0.8220231827042268,0.16273852480594442,0.0,0.0,0.0,0.8363858453599882,0.6467893669401797,0.6953159407526821
2022-02-13,SIM,efd41fec7d9d24fd,0.5257836962878233,0,0.02827897551062636,0.0632630000605072,0.803678069957263,-0.46509461705462707,0.007191682091691501,0.14602468184715767,0.19383825053381287,0.0,0.0,0.0,0.5378620065996453,-0.4038343343874195,0.8334853583874693
2022-02-15,SIM,efd41fec7d9d24fd,0.5206521828438316,1,0.38221408500045706,0.548293131234452,0.1582253992891451,-0.24033164053700715,0.42632840852750964,0.34598152900318285,0.8634378006735575,0.0,0.8634378006735575,0.0,-0.10484877127945366,0.6984573565991528,0.5007042254851646
2022-02-17,SIM,efd41fec7d9d24fd,0.5665894928222033,0,0.7522890243913334,1.0926527656346443,0.45016433603735684,-0.44141869948979373,-0.7070811631418478,-0.6935469746513762,0.09327937372804973,0.0,0.0,0.0,-0.6156808937977304,-0.02004575385308864,0.40270887457653276
2022-02-19,SIM,efd41fec7d9d24fd,0.5883884962965217,1,0.18981409847671604,0.22716679582083743,-0.002126625566355148,-0.09159074506802238,0.5680130633682858,1.3637672548970783,0.09047458428822874,0.0,0.0,0.0,-0.06037678267862761,0.5919727268823793,0.599407985053376
2022-02-21,SIM,efd41fec7d9d24fd,0.5957122208107711,1,1.5838347513355577,0.6407976158487938,0.13463498169087443,0.7151608381842283,-0.015466223271488022,0.21116555282481042,0.12626926997904006,0.0,0.0,0.0,-0.28681969855833456,0.07591268220948925,0.7162051300970356
2022-02-23,SIM,efd41fec7d9d24fd,0.5539388692425882,1,0.40019581904571083,1.1864000136390649,0.4957553557139881,-0.4640492256816391,0.34914808861451707,0.3816749701407825,0.18807893734442319,0.0,0.0,0.0,1.0918875375614283,0.7168235703263143,0.9728778381767831
2022-02-25,SIM,efd41fec7d9d24fd,0.534882443741256,0,1.349791561957808,0.4589083834541182,0.23250918547501864,-0.060421151018935734,0.6315967219765578,-0.2968062296295143,0.012333552114355785,0.0,0.0,0.0,-0.005218892762960516,-0.3867219146176487,0.9097630882524134
2022-02-27,SIM,efd41fec7d9d24fd,0.5155465737743494,0,1.5245900502419467,-0.4980970861827748,-0.12948929406386336,-0.4095893299409167,-0.21142476650303077,-0.312340154648517,0.03202484459213622,0.0,0.0,0.0,-0.47072153565581404,0.18529286153686933,0.7954772404085113
2022-03-01,SIM,efd41fec7d9d24fd,0.5736195554118901,0,0.5812634762223844,1.2897077109381045,-0.26219420790466463,-1.0343519500338894,0.883089409455089,-0.24763040167443626,0.0689096182107108,0.0,0.0,0.0,0.38149291780610617,0.08114506225263597,0.8590665018916696
2022-03-03,SIM,efd41fec7d9d24fd,0.5477874891987786,1,-0.11564625069869339,0.21300089761777388,0.5343746609507802,0.5224238371083171,0.6457877033549366,0.45760887873499473,0.6611118678267873,0.0,0.0,0.6611118678267873,-0.3607508409464981,0.41468966760335224,0.7328640107062778
2022-03-05,SIM,efd41fec7d9d24fd,0.5788702129706262,1,-0.08550054381048922,-0.19639140025025092,-0.6943302884535004,-0.6245232405275088,1.0636929239444488,-0.06556699634606442,0.1373266875159108,0.0,0.0,0.0,-0.6204812874741834,-0.705356933432367,0.8591991079664035
2022-03-07,SIM,efd41fec7d9d24fd,0.5519767560326506,0,1.1063616769297029,0.00909178007021566,-0.13178174033569792,0.8739024429799219,-0.49506319432925316,-0.050866737677313076,0.07760502584229234,0.0,0.0,0.0,-0.9000582164760293,-0.5832072507120891,0.6388860705501125
2022-03-09,SIM,efd41fec7d9d24fd,0.5884904955125559,1,1.3758257133248901,1.4165343087283975,0.3478767502750307,-0.9173296201960779,-0.4417894654206256,-0.1559478529673337,0.15540769330164983,0.0,0.0,0.0,0.4285228736828895,0.4374675677069795,0.4684063253640591
2022-03-11,SIM,efd41fec7d9d24fd,0.5470126413165408,1,0.8067520992587405,0.7879569348282377,-0.6588352286826457,0.3896465901834423,-0.801258950633219,0.5528944623536652,0.035370341094718837,0.0,0.0,0.0,-0.011322986720209934,-0.8278715514333269,0.4129946647515007
2022-03-13,SIM,efd41fec7d9d24fd,0.5505165937091814,1,1.170359407521143,-0.40452331529833085,-1.0890805534297059,-0.22458419486387388,0.6009691110390217,0.1845789299979925,0.11188208814776016,0.0,0.0,0.0,0.33230195076445257,-0.80111168885177,0.8550843972383686
2022-03-15,SIM,efd41fec7d9d24fd,0.5420866296828888,1,0.7168541080529166,0.9616096970442087,-0.43837808800601197,0.10753154748422854,-0.16824508152290932,0.22431205040762073,0.10262277940842673,0.0,0.0,0.0,-0.15401096336200576,1.0623579152578664,0.6166160936028208
2022-03-17,SIM,efd41fec7d9d24fd,0.5186930814191948,0,-0.217645088907448,-0.3893372007870095,0.539918415731753,-0.18048602086308518,0.14899236989942616,-0.18173707675688416,0.1147905698359027,0.0,0.0,0.0,0.12987067606030467,-0.047459915415140386,0.8760025956627738
2022-03-19,SIM,efd41fec7d9d24fd,0.5431948480711841,1,1.2136527286033614,0.21397349441938032,-1.2066022668882346,0.12496952223407623,0.43500331293598293,0.36912801964658204,0.04896965447535509,0.0,0.0,0.0,-0.07994076329705967,0.9364800423248988,0.7448581384536801
2022-03-21,SIM,efd41fec7d9d24fd,0.5188829551510261,0,0.9257152523419535,0.49347118020016656,-0.7998644486821378,1.3899735794442174,0.9161075956389034,-0.7584808489456689,0.7509807666141524,0.7509807666141524,0.0,0.0,-0.18539721068578258,-0.2271506976606265,0.4563924159872276
2022-03-23,SIM,efd41fec7d9d24fd,0.5330605890798022,1,0.6075421886380664,0.22333095726630525,-0.6006203320494767,0.24255508280735136,-0.006642470641038076,0.5496719380416268,0.5259469874672151,0.0,0.0,0.5259469874672151,-0.08204701532701082,0.0819350152634663,0.8944799278433662
2022-03-25,SIM,efd41fec7d9d24fd,0.5154434689628212,0,1.0014856125920424,-0.7889417717549095,0.050642932271435445,0.25506196669103737,-0.6538769911558843,-0.7645726977153295,0.13623336978274067,0.0,0.0,0.0,-0.7526854889962726,1.5240887681416633,0.45739805063443184
2022-03-27,SIM,efd41fec7d9d24fd,0.4803785657556729,1,0.16954229874079416,-0.03300740054108156,-0.6178727991386922,-0.07379648506346685,0.25140654896929443,-0.011568560398467568,0.41643188513583446,0.41643188513583446,0.0,0.0,0.10988241329554586,0.4140111873627135,0.7194197907187706
2022-03-29,SIM,efd41fec7d9d24fd,0.5261095584384745,1,0.91721940472351,-0.1364723617723227,-0.4946446820894585,-0.4206966308533364,-1.0287706970879953,-0.5070738867768575,0.18828906514210225,0.0,0.0,0.0,-0.38633110461875897,-0.5908708667059024,0.6455105407963111
2022-03-31,SIM,efd41fec7d9d24fd,0.5171443443382625,0,0.5771493607221279,-0.6545555715931719,-0.15039184480602089,0.6773021680993496,0.07407145388728033,-0.05878187607612829,0.03642774979467394,0.0,0.0,0.0,0.3745571278721644,0.11600700346848407,0.9119365566493852
2022-04-02,SIM,efd41fec7d9d24fd,0.49224841972130207,0,-0.1469114076194208,-1.0356954266595342,0.8057776318563762,0.8707944949363152,0.22880125379360378,1.087415063594186,0.11669634989600604,0.0,0.0,0.0,0.6681150968809751,0.007791238323877506,0.5893589670508472
2022-04-04,SIM,efd41fec7d9d24fd,0.47150552413347224,1,0.48114806918378,0.11555113851700176,-0.3971630854036044,-0.13036402218848556,-0.03978854433638389,-0.7414000350375027,0.05301887115141939,0.0,0.0,0.0,0.8135882345564719,0.645191217660093,0.655492936996743
2022-04-06,SIM,efd41fec7d9d24fd,0.4488659712796988,0,0.7386281395322125,-0.5624131366158142,0.05647971705564549,-0.5589117110600725,-1.191926549798014,-0.7184904524479458,0.13072310180694313,0.0,0.0,0.0,-0.8434092955367984,-0.6574353680153174,0.6084043797097328
2022-04-08,SIM,efd41fec7d9d24fd,0.4391896780591656,0,0.03742759628909198,-0.8104493042915635,0.6793429204077821,-0.09468369380651194,0.5055053627025172,-0.9885452135879592,0.04618879671487006,0.0,0.0,0.0,-0.6124095393445568,-0.6132166881745283,0.5869222837105136
2022-04-10,SIM,efd41fec7d9d24fd,0.5068210854955708,1,0.20657839885796858,1.2658396352437278,-0.10678448331342869,-0.006092353452719101,-0.8420920462618341,-0.16155142779100212,0.16320170704982023,0.0,0.0,0.0,-0.6395150815282183,-0.5976591240447379,0.7816703849625031
2022-04-12,SIM,efd41fec7d9d24fd,0.4716600292298286,0,0.024914977609723055,-0.3471192465143222,0.018390938160284177,0.4789913799837737,-0.7548316575512173,-0.7583124939100085,0.006977005955133908,0.0,0.0,0.0,0.46963971864506304,1.0188236245213094,0.4895707365571168
2022-04-14,SIM,efd41fec7d9d24fd,0.5068571904049028,1,-0.33176876698882934,0.8345926493099632,-0.052016501685755764,0.6501071493021764,-0.04972915022149716,-0.5408737075194859,0.09403412382187422,0.0,0.0,0.0,-0.41171745390689074,0.530640818059714,0.8949479791523091
2022-04-16,SIM,efd41fec7d9d24fd,0.49220836732968887,0,0.734750630101663,-0.8914386526470317,-0.7156934849450182,-0.3722293180138022,-0.15541296386247205,0.7688138313854457,0.1607191690554674,0.0,0.0,0.0,0.023659158009843154,-0.33032984643689384,0.44329009850966894
2022-04-18,SIM,efd41fec7d9d24fd,0.46915154344681664,1,-1.1779434731617615,0.11675992996664362,-0.3610152004456086,1.365975032085447,0.3082484490209069,0.25970467104455486,0.07245450957097721,0.0,0.0,0.0,-0.48006092122113136,0.9026816594907112,0.86175394631185
2022-04-20,SIM,efd41fec7d9d24fd,0.4949770226907047,0,1.0555251824339196,0.1600852177250049,-0.010333623412466882,-0.36907837311240566,-0.9510343663316447,0.32649456429640944,0.10609515853857537,0.0,0.0,0.0,-0.3482233044446,-0.516814040535844,0.5422044751730017
2022-04-22,SIM,efd41fec7d9d24fd,0.5053823201153832,0,1.0536041787578532,0.12508714430924164,-0.0844565929053451,-0.02677355639137395,-0.6103227175553129,-0.4374423562359748,0.05950115386080706,0.0,0.0,0.0,0.43216228100003007,-0.21163514403158384,0.4942258085126471
2022-04-24,SIM,efd41fec7d9d24fd,0.5146523930227568,0,-0.040321860446606184,1.3284071091042615,-0.7278351606724703,-0.183594014956175,-0.9889522079671381,-0.28626527831273313,0.055507985321402976,0.0,0.0,0.0,-0.6797003747638042,-0.7984123275595438,0.8913547205028118
2022-04-26,SIM,efd41fec7d9d24fd,0.554008466208638,1,-0.19350306504527182,1.28444767238598,0.3520950324552338,0.5630838944406891,-0.31866229980608646,-0.41089299354310815,0.16476073144207037,0.0,0.0,0.0,-0.788799947790509,0.02744604006187627,0.9400755121549805
2022-04-28,SIM,efd41fec7d9d24fd,0.5288335585043249,1,1.0518146813489169,-0.6321946394357457,0.3912365170321061,0.15245300528735356,1.1150217139730696,0.1315254524297168,0.1276554337687786,0.0,0.0,0.0,-1.0061796732451154,-0.0037088734663424058,0.9247768468279858
2022-04-30,SIM,efd41fec7d9d24fd,0.49110370291511296,0,-0.7739280220047843,0.2758566514560064,-0.09998559845856467,-1.9264665092746298,0.07493067490362168,0.7094390666660559,0.13251705414843803,0.0,0.0,0.0,-0.6089599647205608,0.1046478685876478,0.529530904530079
2022-05-02,SIM,efd41fec7d9d24fd,0.4974458665181791,1,-0.21042527851760714,0.43158544949030514,-0.03274720657718574,0.6420520966116119,0.5548236193780953,-0.686429224196926,0.16704054110718258,0.0,0.0,0.0,-0.0018440138130076194,-0.7397338477971567,0.48993505984588637
2022-05-04,SIM,efd41fec7d9d24fd,0.4971812852409571,0,-0.6946014315170741,-0.35599269191599925,0.38576781304008095,0.1604670831799969,0.2752431650547088,-0.8038215933233345,0.06988419709764525,0.0,0.0,0.0,0.5295877884528295,-0.05414838493192556,0.5829548963305526
2022-05-06,SIM,efd41fec7d9d24fd,0.4216880556343827,1,-0.16813527317449545,0.004691941775191132,0.12141851155949658,-0.09605737092546127,0.475636020129451,-0.014900187336707105,0.13595943422370213,0.0,0.0,0.0,0.6002870167625691,1.2078354104686684,0.5166109463839849
2022-05-08,SIM,efd41fec7d9d24fd,0.46307215925620326,0,-0.5845730876374795,0.5405585340803595,0.284078569114206,0.8773776746693458,-0.4914476503293372,0.17979412854030521,0.17515784458288997,0.0,0.0,0.0,-0.023362858024429778,0.3398325440809328,0.8006328061600917
2022-05-10,SIM,efd41fec7d9d24fd,0.4669226581261915,1,-0.9181117394290299,-0.3787090573456219,0.41951605604818437,0.531351392266541,-0.6129876861655014,-0.2518157639389612,0.7462123548974098,0.0,0.7462123548974098,0.0,-0.1358832909931667,0.15880787518133752,0.6549258138942552
2022-05-12,SIM,efd41fec7d9d24fd,0.47734895312950704,1,0.6193990593962523,0.7201821350398047,-1.0203884507415024,0.48624956030974315,-1.2412191059975681,0.7297509679269585,0.03625587830506536,0.0,0.0,0.0,1.3170999146749771,0.08819766738226172,0.532523016088198
2022-05-14,SIM,efd41fec7d9d24fd,0.48734364585181056,0,-0.15484926430778678,0.9740940305272751,-0.025296538341342593,-0.040792477302421894,1.019938854570504,0.2048480150484928,0.052918074423256134,0.0,0.0,0.0,-0.9659558014010822,0.45816863537952196,0.5969652822910149
2022-05-16,SIM,efd41fec7d9d24fd,0.48130495115434774,0,-1.1052295564555445,-0.7706458374467622,-0.512266207369766,-0.2554319690666703,-0.15975501508887888,-0.1941666528760971,0.11418024442036555,0.0,0.0,0.0,0.14065344678004793,-0.19369886581452728,0.7084041937206593
2022-05-18,SIM,efd41fec7d9d24fd,0.48173269839602506,0,0.14235135826943324,0.51736813169645,0.34137308565199975,-0.4100744281979342,0.5075665058559705,-0.28240530953753445,0.1866905001578471,0.0,0.0,0.0,0.9434596489483937,0.8942046881841209,0.4577521740631363
2022-05-20,SIM,efd41fec7d9d24fd,0.4759928098962352,1,0.37803409195784365,-0.41832322172727493,0.0018507375142863178,-0.02172063185447493,0.2053128528267913,-0.7936111611729864,0.08113941254314637,0.0,0.0,0.0,-0.6312131732802512,-0.0552980373443961,0.5941766127928465
2022-05-22,SIM,efd41fec7d9d24fd,0.45489640445927587,0,-0.287805948841567,-0.9196943563865928,-0.7532648129099957,-0.7385499087032631,-1.1058754378684812,0.7923815471978377,0.02144730739587457,0.0,0.0,0.0,1.0246460692196642,-0.3150855175431272,0.8531841539109641
2022-05-24,SIM,efd41fec7d9d24fd,0.5061429023905724,1,-0.00023737894326616993,0.17159494241351017,-0.6821698356563858,0.03906904378710195,0.29174122285380266,-0.06975705715640765,0.11639598972927889,0.0,0.0,0.0,-0.7928010127343359,0.033966906416785334,0.885750709495283
2022-05-26,SIM,efd41fec7d9d24fd,0.45357653911721674,1,-0.146846230864962,1.0181517647996863,-0.4398612475106739,-0.518672217016085,-0.5504387495124496,0.1952341959210261,0.05344162982943568,0.0,0.0,0.0,0.11419111867514344,-0.4949772570325052,0.6521613581143484
2022-05-28,SIM,efd41fec7d9d24fd,0.47318076472757487,0,0.9162085086432402,-0.4156660360374615,-0.9960880691229311,0.004157441912725528,-0.07895678104498724,0.2146174948963627,0.05350264959241933,0.0,0.0,0.0,0.7291555574896595,0.21842982472270372,0.8163100831488934
2022-05-30,SIM,efd41fec7d9d24fd,0.4548435890972107,1,0.027730806777305606,-0.13530025925484265,-0.15146647576553762,-0.19417452392829523,0.4245230338988531,-0.026387755670349504,0.08115690699106051,0.0,0.0,0.0,-0.04889954770624496,-0.9949226413211196,0.6931864399193461
2022-06-01,SIM,efd41fec7d9d24fd,0.4022256151184297,0,-0.8684309232999465,-0.7668425167126302,-0.5088609565484353,0.5017171020560054,-0.2507350182042376,0.05591924970446554,0.08862739371303728,0.0,0.0,0.0,0.09730609127304556,-0.5711681224425725,0.7360258698239307
2022-06-03,SIM,efd41fec7d9d24fd,0.37725719345869957,1,0.18589513144910919,-0.7002896579868112,0.13907104581637325,0.9419365456561208,0.2353103321573866,0.282273849528665,0.11384068374380805,0.0,0.0,0.0,-1.1163132834907719,0.04056983890333251,0.422876642396771
2022-06-05,SIM,efd41fec7d9d24fd,0.43357809569845746,0,-0.9386801650624447,-0.1713110963011089,-0.28383889688836056,0.5506882254805302,-0.26557708420574255,-0.49950718418498485,0.13637597540381108,0.0,0.0,0.0,-0.49573221906945825,0.027496114725606754,0.9833484781759295
2022-06-07,SIM,efd41fec7d9d24fd,0.4197892725145575,1,0.3786566947344678,0.5828856668234517,-0.6082878849134801,-0.9667796797410727,0.814660606493662,-0.0015838791802572335,0.1110454908159077,0.0,0.0,0.0,0.5057403764467993,-0.026324317365974185,0.901157133146783
2022-06-09,SIM,efd41fec7d9d24fd,0.49278502048210066,0,0.6014084558654448,-0.2937036356748872,-0.19269086721426135,-0.40050990591031166,-0.24160603094006208,0.46544722545710776,0.19983923802525316,0.0,0.0,0.0,0.3855407573820703,-0.08316007418864092,0.7198502245723946
2022-06-11,SIM,efd41fec7d9d24fd,0.44421374014456955,1,0.1824118509588768,0.14451456980254612,0.36826299092462284,0.7399526356410893,-0.4613804998595678,0.3481291197204085,0.10144561448444883,0.0,0.0,0.0,-0.9721464933556697,-1.0652830048172626,0.44071760443130725
2022-06-13,SIM,efd41fec7d9d24fd,0.40956539279288373,1,-0.1988698723624791,0.10885593963487203,-0.6081210967202472,0.12037717717845897,-1.1990030106687108,-0.6653156784082752,0.0003996431347544904,0.0,0.0,0.0,-0.6069141799013488,-0.7343920921166428,0.6828587561318501
2022-06-15,SIM,efd41fec7d9d24fd,0.46729152284143616,0,-0.071444337118233,0.21843481000038095,-0.33977515099824246,-0.7029932477062518,-0.8911555755170932,0.8300117573759962,0.1343014733220008,0.0,0.0,0.0,0.051703160386169345,-0.5308757579057931,0.6847592024196234
2022-06-17,SIM,efd41fec7d9d24fd,0.4346122674445256,1,-0.9223649522635519,0.22525834071463133,0.4092763748556377,-0.18699293919103208,-0.3647045708533324,0.19221933157841606,0.12056919658657382,0.0,0.0,0.0,-0.4635633444526338,-0.2674402926186978,0.7648951733119427
2022-06-19,SIM,efd41fec7d9d24fd,0.44905253548881874,1,-0.17903303990241173,-0.5833004885953916,-0.15740723818480346,0.5511242740231802,0.39762483452728953,-1.146662637171305,0.13074041436767783,0.0,0.0,0.0,-0.523920879776582,-0.22305027168941738,0.6206533060673991
2022-06-21,SIM,efd41fec7d9d24fd,0.4004197011541681,0,-0.3657240278837429,-0.46420924699406124,-0.33106333803292015,-0.2679540829979008,0.3031625306622548,-0.41372274865353886,0.13938721854916425,0.0,0.0,0.0,0.029306892848336933,-0.6572963045711921,0.43973626178277125
2022-06-23,SIM,efd41fec7d9d24fd,0.4178395905631226,0,-0.2855083106166769,0.1289755543955385,1.683596175487748,0.365313875739378,-0.24815542854330522,0.05865658921693077,0.04893434277719275,0.0,0.0,0.0,0.3821336139563749,0.6359161402986975,0.581851939828437
2022-06-25,SIM,efd41fec7d9d24fd,0.4465354179297296,1,0.8688436067497177,1.183589953391191,0.13963468299118598,-0.45336013298435485,-0.5439384218281287,0.15309842516594555,0.18859332525208436,0.0,0.0,0.0,-0.7410889248367846,0.5310485276455219,0.623039932968136
2022-06-27,SIM,efd41fec7d9d24fd,0.4256727378340725,0,-0.9093948306810251,0.550129005548311,-0.9375394078192407,0.13011127383322904,1.038360463614304,0.12565385110267122,0.050029894738445595,0.0,0.0,0.0,-0.7593025000945256,-0.4523520271294963,0.6433944986754025
2022-06-29,SIM,efd41fec7d9d24fd,0.39897340064556436,0,-1.3983944297466562,-0.5006989578624548,-0.18501520579985592,0.8931360731734397,0.9953314044026917,-0.258487856584942,0.8519155374732863,0.8519155374732863,0.0,0.0,0.5922404519018581,-0.014575910963648112,0.8311225121940171
2022-07-01,SIM,efd41fec7d9d24fd,0.4379344939418037,0,0.10630026470737447,0.08050155977242132,0.29029234403191345,-0.45659756227047155,-0.301893704276228,-0.11552919948706948,0.16347349712620765,0.0,0.0,0.0,0.054025058512263,-0.4400626070628807,0.4884950523290619
2022-07-03,SIM,efd41fec7d9d24fd,0.4111915522941664,1,-0.041915574160245855,0.44292673181784126,0.056370223372366975,-0.14354801851008178,-0.7144972050364193,0.5892835140236284,0.15620682072024727,0.0,0.0,0.0,-0.6490757004872932,-0.3172287106488744,0.5174569026264475
2022-07-05,SIM,efd41fec7d9d24fd,0.44453476751776627,0,-0.3528882544722811,-0.21393464760152975,0.4190281246755851,-0.5327300466331663,0.29091547542167234,-0.3248719566084069,0.13379924127049334,0.0,0.0,0.0,-0.5362782594479495,-0.3120090632738693,0.827200857361361
2022-07-07,SIM,efd41fec7d9d24fd,0.3910289462411754,0,-0.9460370359166377,0.19178337483780633,-0.37974718081676956,0.3706894483036127,0.9574901209107534,0.06617513027887806,0.11309924420494306,0.0,0.0,0.0,-0.14152939857226565,1.3791591223087125,0.5108000856328851
2022-07-09,SIM,efd41fec7d9d24fd,0.40934880150788494,0,-0.1842755241795126,-0.7931299989618161,-0.014398074022927653,-0.13422907980808346,-0.5423565975754705,0.3476972138985037,0.03674929113561822,0.0,0.0,0.0,-0.06723990213707456,-0.5311278646177489,0.516814073486706
2022-07-11,SIM,efd41fec7d9d24fd,0.4251749774151082,0,-0.8936396208164759,0.6391243085384288,0.0045527979502761546,0.3618279040676158,0.8181025648472641,0.3443764856816829,0.1669773923547576,0.0,0.0,0.0,0.3382681071990414,0.11429381528431505,0.7817364423552681
2022-07-13,SIM,efd41fec7d9d24fd,0.48449435881021524,0,-0.32409853566721003,-0.029510731894597256,0.6373751736499543,0.3107444686789145,-0.3517838394799678,0.3034528366971694,0.16871158665299282,0.0,0.0,0.0,-0.039578273065570345,0.6645613648835825,0.9222628404909718
2022-07-15,SIM,efd41fec7d9d24fd,0.41498019365550076,0,-0.2878027845544763,-0.4252226666608924,0.514308416810573,-0.45989536802352565,0.08833814034535335,0.7649094483228807,0.4653439130864181,0.0,0.4653439130864181,0.0,0.034898753827970135,-0.058606082231611505,0.5204204173388007
2022-07-17,SIM,efd41fec7d9d24fd,0.45444647520913284,1,0.3204283950505765,0.06232882152865063,0.352802402922453,1.170424382875001,-0.3455307767115054,-0.46986354641281913,0.15210408114559074,0.0,0.0,0.0,0.29629975100938044,-0.2309073948424561,0.4865979572120674
2022-07-19,SIM,efd41fec7d9d24fd,0.41789872975511994,0,0.18607220625520238,-1.3469463066736238,0.08571078634240889,0.21976169383324978,-0.010575422676724816,0.2631574190261465,0.0862396747720881,0.0,0.0,0.0,-0.5103173920946726,0.6465854371754087,0.6149064115288942
2022-07-21,SIM,efd41fec7d9d24fd,0.41360487363523263,1,-0.7409488767389121,-0.24097852932588087,0.6467217740063792,0.2774946253638442,-0.8064707836791536,0.7395465977484864,0.03494194214581137,0.0,0.0,0.0,-0.8529405122349245,-1.2006718794947515,0.5041582760156312
2022-07-23,SIM,efd41fec7d9d24fd,0.41994859204858953,0,-0.5481904347524325,-0.1987065746325408,-0.1745222623893637,0.2926131381896517,0.07329572057066575,0.5339751493714098,0.18822985568060335,0.0,0.0,0.0,1.3082080409863157,0.43306781929325094,0.7699008443522557
2022-07-25,SIM,efd41fec7d9d24fd,0.3914359245072168,0,-1.4414730049590676,-1.0886006968351198,0.9143192044940534,0.14026496299566804,1.0104676948110711,0.4161057791708914,0.03556501580860987,0.0,0.0,0.0,-0.09543769687162573,1.029485712282371,0.5809596011794412
2022-07-27,SIM,efd41fec7d9d24fd,0.41930130193295106,0,-0.1487811724530964,-0.6277411564039586,0.061342615537625,0.238199538042774,0.3425648397833976,0.0460443177066226,0.02753168673155411,0.0,0.0,0.0,-0.20949511106780336,-0.9280728276056347,0.4405241083302853
2022-07-29,SIM,efd41fec7d9d24fd,0.4138031776829368,0,-0.512704860821077,0.8230618022014223,-1.061811968913714,0.2817613138789707,1.2406412564556246,0.012347001532160385,0.05467281959397033,0.0,0.0,0.0,0.6763248478475037,-0.3052401378213012,0.4472484048327193
